Race,Rank,PlusMinus,Driver,Points,Back,Starts,Pole,Win,Top5,Top10,StageWins,PlayoffPoints
1,1,0,Denny Hamlin,52,0,1,0,1,1,1,0,5
1,2,0,Joey Logano,52,0,1,0,0,1,1,0,0
1,3,0,Kyle Busch,45,-7,1,0,0,1,1,1,1
1,4,0,"Ricky Stenhouse, Jr.",39,-13,1,0,0,0,0,0,0
1,5,0,Erik Jones,35,-17,1,0,0,1,1,0,0
1,6,0,Alex Bowman,35,-17,1,0,0,0,0,0,0
1,7,0,Kyle Larson,33,-19,1,0,0,0,1,0,0
1,8,0,Jimmie Johnson,33,-19,1,0,0,0,1,0,0
1,9,0,Michael McDowell,32,-20,1,0,0,1,1,0,0
1,10,0,Ty Dillon,32,-20,1,0,0,0,1,0,0
1,11,0,Brad Keselowski,32,-20,1,0,0,0,0,0,0
1,12,0,Ryan Preece,30,-22,1,0,0,0,1,0,0
1,13,0,Chase Elliott,27,-25,1,0,0,0,0,0,0
1,14,0,Kevin Harvick,27,-25,1,0,0,0,0,0,0
1,15,0,Ryan Blaney,27,-25,1,0,0,0,0,1,1
1,16,0,Clint Bowyer,26,-26,1,0,0,0,0,0,0
1,17,0,Ryan Newman,25,-27,1,0,0,0,0,0,0
1,18,0,William Byron,25,-27,1,1,0,0,0,0,0
1,19,0,Austin Dillon,23,-29,1,0,0,0,0,0,0
1,20,0,Matt DiBenedetto,21,-31,1,0,0,0,0,0,0
1,21,0,Aric Almirola,21,-31,1,0,0,0,0,0,0
1,22,0,Corey LaJoie,19,-33,1,0,0,0,0,0,0
1,23,0,Jamie McMurray,19,-33,1,0,0,0,0,0,0
1,24,0,Kurt Busch,18,-34,1,0,0,0,0,0,0
1,25,0,Paul Menard,16,-36,1,0,0,0,0,0,0
1,26,0,Daniel Suarez,14,-38,1,0,0,0,0,0,0
1,27,0,Landon Cassill,13,-39,1,0,0,0,0,0,0
1,28,0,"Martin Truex, Jr.",8,-44,1,0,0,0,0,0,0
1,29,0,David Ragan,7,-45,1,0,0,0,0,0,0
1,30,0,Bubba Wallace,6,-46,1,0,0,0,0,0,0
1,31,0,Chris Buescher,5,-47,1,0,0,0,0,0,0
1,32,0,Daniel Hemric,3,-49,1,0,0,0,0,0,0
1,33,0,Matt Tifft,1,-51,1,0,0,0,0,0,0
1,34,0,Cody Ware,1,-51,1,0,0,0,0,0,0
1,35,0,Casey Mears,1,-51,1,0,0,0,0,0,0
1,36,0,Ross Chastain,0,-52,1,0,0,0,1,0,0
1,37,0,Parker Kligerman,0,-52,1,0,0,0,0,0,0
1,38,0,BJ McLeod,0,-52,1,0,0,0,0,0,0
1,39,0,Brendan Gaughan,0,-52,1,0,0,0,0,0,0
1,40,0,Tyler Reddick,0,-52,1,0,0,0,0,0,0
2,1,0,Denny Hamlin,87,0,2,0,1,1,1,0,5
2,2,12,Kevin Harvick,79,-8,2,0,0,1,1,1,1
2,3,0,Kyle Busch,78,-9,2,0,0,1,2,1,1
2,4,3,Kyle Larson,77,-10,2,0,0,0,1,1,1
2,5,-3,Joey Logano,75,-12,2,0,0,1,1,0,0
2,6,5,Brad Keselowski,72,-15,2,0,1,1,1,0,5
2,7,-2,Erik Jones,68,-19,2,0,0,1,2,0,0
2,8,16,Kurt Busch,63,-24,2,0,0,1,1,0,0
2,9,7,Clint Bowyer,60,-27,2,0,0,1,1,0,0
2,10,-6,"Ricky Stenhouse, Jr.",60,-27,2,0,0,0,0,0,0
2,11,10,Aric Almirola,58,-29,2,1,0,0,1,0,0
2,12,16,"Martin Truex, Jr.",57,-30,2,0,0,1,1,0,0
2,13,-7,Alex Bowman,57,-30,2,0,0,0,0,0,0
2,14,1,Ryan Blaney,54,-33,2,0,0,0,0,1,1
2,15,2,Ryan Newman,49,-38,2,0,0,0,0,0,0
2,16,-8,Jimmie Johnson,46,-41,2,0,0,0,1,0,0
2,17,-4,Chase Elliott,45,-42,2,0,0,0,0,0,0
2,18,0,William Byron,45,-42,2,1,0,0,0,0,0
2,19,-9,Ty Dillon,44,-43,2,0,0,0,1,0,0
2,20,6,Daniel Suarez,41,-46,2,0,0,0,1,0,0
2,21,4,Paul Menard,39,-48,2,0,0,0,0,0,0
2,22,-3,Austin Dillon,39,-48,2,0,0,0,0,0,0
2,23,-14,Michael McDowell,33,-54,2,0,0,1,1,0,0
2,24,7,Chris Buescher,33,-54,2,0,0,0,1,0,0
2,25,-13,Ryan Preece,32,-55,2,0,0,0,1,0,0
2,26,-6,Matt DiBenedetto,32,-55,2,0,0,0,0,0,0
2,27,2,David Ragan,28,-59,2,0,0,0,0,0,0
2,28,-6,Corey LaJoie,27,-60,2,0,0,0,0,0,0
2,29,3,Daniel Hemric,20,-67,2,0,0,0,0,0,0
2,30,-7,Jamie McMurray,19,-68,1,0,0,0,0,0,0
2,31,-4,Landon Cassill,16,-71,2,0,0,0,0,0,0
2,32,-2,Bubba Wallace,16,-71,2,0,0,0,0,0,0
2,33,0,Matt Tifft,10,-77,2,0,0,0,0,0,0
2,34,0,Cody Ware,5,-82,2,0,0,0,0,0,0
2,35,0,Casey Mears,1,-86,1,0,0,0,0,0,0
2,36,0,Ross Chastain,0,-87,2,0,0,0,1,0,0
2,37,0,Parker Kligerman,0,-87,2,0,0,0,0,0,0
2,38,0,BJ McLeod,0,-87,2,0,0,0,0,0,0
2,39,0,Brendan Gaughan,0,-87,1,0,0,0,0,0,0
2,40,0,Tyler Reddick,0,-87,1,0,0,0,0,0,0
2,41,0,Garrett Smithley,0,-87,1,0,0,0,1,0,0
3,1,4,Joey Logano,133,0,3,0,1,2,2,1,6
3,2,-1,Denny Hamlin,127,-6,3,0,1,1,2,0,5
3,3,0,Kyle Busch,121,-12,3,0,0,2,3,1,1
3,4,-2,Kevin Harvick,121,-12,3,1,0,2,2,2,2
3,5,1,Brad Keselowski,115,-18,3,0,1,2,2,0,5
3,6,-2,Kyle Larson,102,-31,3,0,0,0,1,1,1
3,7,0,Erik Jones,98,-35,3,0,0,1,2,0,0
3,8,0,Kurt Busch,95,-38,3,0,0,2,2,0,0
3,9,3,"Martin Truex, Jr.",92,-41,3,0,0,1,2,0,0
3,10,1,Aric Almirola,92,-41,3,1,0,0,2,0,0
3,11,-1,"Ricky Stenhouse, Jr.",90,-43,3,0,0,0,1,0,0
3,12,1,Alex Bowman,85,-48,3,0,0,0,0,0,0
3,13,-4,Clint Bowyer,83,-50,3,0,0,1,1,0,0
3,14,3,Chase Elliott,81,-52,3,0,0,0,1,0,0
3,15,-1,Ryan Blaney,69,-64,3,0,0,0,0,1,1
3,16,2,William Byron,66,-67,3,1,0,0,0,0,0
3,17,3,Daniel Suarez,63,-70,3,0,0,0,1,0,0
3,18,-2,Jimmie Johnson,62,-71,3,0,0,0,1,0,0
3,19,-4,Ryan Newman,60,-73,3,0,0,0,0,0,0
3,20,2,Austin Dillon,56,-77,3,0,0,0,0,0,0
3,21,0,Paul Menard,53,-80,3,0,0,0,0,0,0
3,22,-3,Ty Dillon,52,-81,3,0,0,0,1,0,0
3,23,1,Chris Buescher,48,-85,3,0,0,0,1,0,0
3,24,-1,Ryan Preece,43,-90,3,0,0,0,1,0,0
3,25,-1,Matt DiBenedetto,41,-92,3,0,0,0,0,0,0
3,26,3,Michael McDowell,40,-93,3,0,0,1,1,0,0
3,27,0,David Ragan,37,-96,3,0,0,0,0,0,0
3,28,0,Corey LaJoie,37,-96,3,0,0,0,0,0,0
3,29,0,Daniel Hemric,34,-99,3,0,0,0,0,0,0
3,30,2,Bubba Wallace,22,-111,3,0,0,0,0,0,0
3,31,0,Landon Cassill,21,-112,3,0,0,0,0,0,0
3,32,-2,Jamie McMurray,19,-114,1,0,0,0,0,0,0
3,33,0,Matt Tifft,13,-120,3,0,0,0,0,0,0
3,34,0,Cody Ware,7,-126,3,0,0,0,0,0,0
3,35,0,Reed Sorenson,1,-132,1,0,0,0,0,0,0
3,36,-1,Casey Mears,1,-132,1,0,0,0,0,0,0
3,37,1,BJ McLeod,0,-133,3,0,0,0,0,0,0
3,38,0,Brendan Gaughan,0,-133,1,0,0,0,0,0,0
3,39,0,Garrett Smithley,0,-133,1,0,0,0,0,0,0
3,40,0,Joey Gase,0,-133,1,0,0,0,0,0,0
3,41,0,Parker Kligerman,0,-133,3,0,0,0,0,0,0
3,42,0,Ross Chastain,0,-133,3,0,0,0,1,0,0
3,43,0,Tyler Reddick,0,-133,1,0,0,0,0,0,0
4,1,3,Kyle Busch,177,0,4,0,1,3,4,2,7
4,2,-1,Joey Logano,171,-6,4,0,1,2,3,1,6
4,3,-1,Kevin Harvick,168,-9,4,1,0,2,3,2,2
4,4,-1,Denny Hamlin,165,-12,4,0,1,2,3,0,5
4,5,3,"Martin Truex, Jr.",140,-37,4,0,0,2,3,0,0
4,6,0,Kyle Larson,138,-39,4,0,0,0,2,1,1
4,7,4,Aric Almirola,134,-43,4,1,0,1,3,0,0
4,8,-3,Brad Keselowski,133,-44,4,0,1,2,2,0,5
4,9,1,Kurt Busch,126,-51,4,0,0,2,3,0,0
4,10,-3,"Ricky Stenhouse, Jr.",123,-54,4,0,0,0,1,0,0
4,11,2,Clint Bowyer,118,-59,4,0,0,1,1,0,0
4,12,3,Ryan Blaney,113,-64,4,1,0,1,1,2,2
4,13,1,Chase Elliott,108,-69,4,0,0,0,1,0,0
4,14,-5,Erik Jones,106,-71,4,0,0,1,2,0,0
4,15,2,Jimmie Johnson,98,-79,4,0,0,0,2,0,0
4,16,-4,Alex Bowman,94,-83,4,0,0,0,0,0,0
4,17,2,Ryan Newman,92,-85,4,0,0,0,0,0,0
4,18,-2,William Byron,82,-95,4,1,0,0,0,0,0
4,19,1,Paul Menard,81,-96,4,0,0,0,0,0,0
4,20,-2,Daniel Suarez,77,-100,4,0,0,0,1,0,0
4,21,0,Austin Dillon,76,-101,4,0,0,0,0,0,0
4,22,0,Ty Dillon,74,-103,4,0,0,0,1,0,0
4,23,0,Chris Buescher,73,-104,4,0,0,0,1,0,0
4,24,0,Matt DiBenedetto,57,-120,4,0,0,0,0,0,0
4,25,4,Daniel Hemric,53,-124,4,0,0,0,0,0,0
4,26,1,David Ragan,49,-128,4,0,0,0,0,0,0
4,27,1,Corey LaJoie,48,-129,4,0,0,0,0,0,0
4,28,-3,Ryan Preece,47,-130,4,0,0,0,1,0,0
4,29,1,Bubba Wallace,42,-135,4,0,0,0,0,0,0
4,30,-4,Michael McDowell,41,-136,4,0,0,1,1,0,0
4,31,2,Matt Tifft,30,-147,4,0,0,0,0,0,0
4,32,-1,Landon Cassill,25,-152,4,0,0,0,0,0,0
4,33,-1,Jamie McMurray,19,-158,1,0,0,0,0,0,0
4,34,0,Cody Ware,12,-165,4,0,0,0,0,0,0
4,35,10,Quin Houff,7,-170,1,0,0,0,0,0,0
4,36,-1,Reed Sorenson,1,-176,1,0,0,0,0,0,0
4,37,-1,Casey Mears,1,-176,1,0,0,0,0,0,0
4,38,-1,Ross Chastain,0,-177,4,0,0,0,1,0,0
4,39,-1,Parker Kligerman,0,-177,3,0,0,0,0,0,0
4,40,-1,BJ McLeod,0,-177,3,0,0,0,0,0,0
4,41,-1,Brendan Gaughan,0,-177,1,0,0,0,0,0,0
4,42,-1,Tyler Reddick,0,-177,1,0,0,0,0,0,0
4,43,3,Bayley Currey,0,-177,1,0,0,0,0,0,0
4,44,-2,Garrett Smithley,0,-177,1,0,0,0,0,0,0
4,45,-2,Joey Gase,0,-177,2,0,0,0,0,0,0
4,46,-2,Ryan Truex,0,-177,1,0,0,0,0,0,0
5,1,0,Kyle Busch,237,0,5,0,2,4,5,4,14
5,2,0,Joey Logano,222,-15,5,0,1,3,4,1,6
5,3,0,Kevin Harvick,213,-24,5,1,0,3,4,2,2
5,4,0,Denny Hamlin,205,-32,5,0,1,2,4,0,5
5,5,3,Brad Keselowski,176,-61,5,0,1,3,3,0,5
5,6,1,Aric Almirola,174,-63,5,1,0,1,4,0,0
5,7,-2,"Martin Truex, Jr.",169,-68,5,0,0,2,4,0,0
5,8,-2,Kyle Larson,163,-74,5,0,0,0,2,1,1
5,9,0,Kurt Busch,160,-77,5,0,0,2,4,0,0
5,10,2,Ryan Blaney,155,-82,5,1,0,2,2,2,2
5,11,-1,"Ricky Stenhouse, Jr.",146,-91,5,0,0,0,1,0,0
5,12,1,Chase Elliott,135,-102,5,0,0,0,1,0,0
5,13,1,Erik Jones,133,-104,5,0,0,1,2,0,0
5,14,1,Jimmie Johnson,121,-116,5,0,0,0,2,0,0
5,15,-4,Clint Bowyer,119,-118,5,0,0,1,1,0,0
5,16,0,Alex Bowman,110,-127,5,0,0,0,0,0,0
5,17,0,Ryan Newman,107,-130,5,0,0,0,0,0,0
5,18,2,Daniel Suarez,105,-132,5,0,0,0,1,0,0
5,19,-1,William Byron,104,-133,5,1,0,0,0,0,0
5,20,1,Austin Dillon,103,-134,5,1,0,0,1,0,0
5,21,-2,Paul Menard,98,-139,5,0,0,0,0,0,0
5,22,1,Chris Buescher,94,-143,5,0,0,0,1,0,0
5,23,-1,Ty Dillon,84,-153,5,0,0,0,1,0,0
5,24,0,Matt DiBenedetto,76,-161,5,0,0,0,0,0,0
5,25,3,Ryan Preece,61,-176,5,0,0,0,1,0,0
5,26,0,David Ragan,61,-176,5,0,0,0,0,0,0
5,27,-2,Daniel Hemric,58,-179,5,0,0,0,0,0,0
5,28,2,Michael McDowell,54,-183,5,0,0,1,1,0,0
5,29,-2,Corey LaJoie,54,-183,5,0,0,0,0,0,0
5,30,-1,Bubba Wallace,49,-188,5,0,0,0,0,0,0
5,31,0,Matt Tifft,41,-196,5,0,0,0,0,0,0
5,32,0,Landon Cassill,33,-204,5,0,0,0,0,0,0
5,33,0,Jamie McMurray,19,-218,1,0,0,0,0,0,0
5,34,0,Cody Ware,17,-220,5,0,0,0,0,0,0
5,35,0,Quin Houff,7,-230,1,0,0,0,0,0,0
5,36,0,Reed Sorenson,4,-233,2,0,0,0,0,0,0
5,37,0,Casey Mears,1,-236,1,0,0,0,0,0,0
5,38,0,Ross Chastain,0,-237,5,0,0,0,1,0,0
5,39,0,Parker Kligerman,0,-237,3,0,0,0,0,0,0
5,40,0,BJ McLeod,0,-237,4,0,0,0,0,0,0
5,41,0,Brendan Gaughan,0,-237,1,0,0,0,0,0,0
5,42,0,Tyler Reddick,0,-237,1,0,0,0,0,0,0
5,43,0,Bayley Currey,0,-237,1,0,0,0,0,0,0
5,44,1,Joey Gase,0,-237,3,0,0,0,0,0,0
5,45,-1,Garrett Smithley,0,-237,2,0,0,0,0,0,0
5,46,0,Ryan Truex,0,-237,1,0,0,0,0,0,0
6,1,0,Kyle Busch,273,0,6,0,2,5,6,4,14
6,2,2,Denny Hamlin,252,-21,6,0,1,3,5,0,5
6,3,0,Kevin Harvick,248,-25,6,1,0,3,5,2,2
6,4,-2,Joey Logano,245,-28,6,1,1,3,4,1,6
6,5,0,Brad Keselowski,236,-37,6,0,2,4,4,2,12
6,6,0,Aric Almirola,215,-58,6,1,0,1,5,0,0
6,7,0,"Martin Truex, Jr.",207,-66,6,0,0,2,5,0,0
6,8,2,Ryan Blaney,203,-70,6,1,0,3,3,2,2
6,9,3,Chase Elliott,186,-87,6,0,0,1,2,0,0
6,10,-1,Kurt Busch,185,-88,6,0,0,2,4,0,0
6,11,-3,Kyle Larson,182,-91,6,0,0,0,2,1,1
6,12,-1,"Ricky Stenhouse, Jr.",158,-115,6,0,0,0,1,0,0
6,13,2,Clint Bowyer,157,-116,6,0,0,1,2,0,0
6,14,-1,Erik Jones,140,-133,6,0,0,1,2,0,0
6,15,-1,Jimmie Johnson,134,-139,6,0,0,0,2,0,0
6,16,2,Daniel Suarez,134,-139,6,0,0,0,2,0,0
6,17,-1,Alex Bowman,133,-140,6,0,0,0,0,0,0
6,18,2,Austin Dillon,130,-143,6,1,0,0,1,0,0
6,19,-2,Ryan Newman,121,-152,6,0,0,0,0,0,0
6,20,1,Paul Menard,120,-153,6,0,0,0,0,0,0
6,21,-2,William Byron,119,-154,6,1,0,0,0,0,0
6,22,0,Chris Buescher,110,-163,6,0,0,0,1,0,0
6,23,0,Ty Dillon,108,-165,6,0,0,0,1,0,0
6,24,0,Matt DiBenedetto,93,-180,6,0,0,0,0,0,0
6,25,0,Ryan Preece,82,-191,6,0,0,0,1,0,0
6,26,0,David Ragan,72,-201,6,0,0,0,0,0,0
6,27,3,Bubba Wallace,69,-204,6,0,0,0,0,0,0
6,28,-1,Daniel Hemric,68,-205,6,0,0,0,0,0,0
6,29,-1,Michael McDowell,60,-213,6,0,0,1,1,0,0
6,30,-1,Corey LaJoie,58,-215,6,0,0,0,0,0,0
6,31,0,Matt Tifft,49,-224,6,0,0,0,0,0,0
6,32,0,Landon Cassill,42,-231,6,0,0,0,0,0,0
6,33,0,Jamie McMurray,19,-254,1,0,0,0,0,0,0
6,34,0,Cody Ware,18,-255,6,0,0,0,0,0,0
6,35,0,Quin Houff,7,-266,1,0,0,0,0,0,0
6,36,0,Reed Sorenson,4,-269,2,0,0,0,0,0,0
6,37,0,Casey Mears,1,-272,1,0,0,0,0,0,0
6,38,0,Ross Chastain,0,-273,6,0,0,0,1,0,0
6,39,0,Parker Kligerman,0,-273,3,0,0,0,0,0,0
6,40,0,BJ McLeod,0,-273,4,0,0,0,0,0,0
6,41,0,Brendan Gaughan,0,-273,1,0,0,0,0,0,0
6,42,0,Tyler Reddick,0,-273,1,0,0,0,0,0,0
6,43,0,Bayley Currey,0,-273,1,0,0,0,0,0,0
6,44,4,DJ Kennington,0,-273,1,0,0,0,0,0,0
6,45,-1,Joey Gase,0,-273,3,0,0,0,0,0,0
6,46,1,Jeb Burton,0,-273,1,0,0,0,0,0,0
6,47,-2,Garrett Smithley,0,-273,2,0,0,0,0,0,0
6,48,-2,Ryan Truex,0,-273,1,0,0,0,0,0,0
7,1,0,Kyle Busch,310,0,7,0,2,5,7,4,14
7,2,0,Denny Hamlin,302,-8,7,0,2,4,6,1,11
7,3,0,Kevin Harvick,277,-33,7,1,0,3,6,2,2
7,4,0,Joey Logano,275,-35,7,1,1,3,4,2,7
7,5,1,Aric Almirola,245,-65,7,1,0,1,6,0,0
7,6,-1,Brad Keselowski,237,-73,7,0,2,4,4,2,12
7,7,0,"Martin Truex, Jr.",232,-78,7,0,0,2,5,0,0
7,8,0,Ryan Blaney,219,-91,7,1,0,3,3,2,2
7,9,0,Chase Elliott,218,-92,7,0,0,1,2,0,0
7,10,0,Kurt Busch,213,-97,7,0,0,2,5,0,0
7,11,2,Clint Bowyer,192,-118,7,0,0,2,3,0,0
7,12,-1,Kyle Larson,185,-125,7,0,0,0,2,1,1
7,13,-1,"Ricky Stenhouse, Jr.",183,-127,7,0,0,0,1,0,0
7,14,2,Daniel Suarez,180,-130,7,0,0,1,3,0,0
7,15,0,Jimmie Johnson,176,-134,7,1,0,1,3,0,0
7,16,-2,Erik Jones,173,-137,7,0,0,2,3,0,0
7,17,1,Austin Dillon,160,-150,7,1,0,0,1,0,0
7,18,3,William Byron,153,-157,7,1,0,0,1,0,0
7,19,-2,Alex Bowman,152,-158,7,0,0,0,0,0,0
7,20,-1,Ryan Newman,152,-158,7,0,0,0,0,0,0
7,21,-1,Paul Menard,149,-161,7,0,0,0,0,0,0
7,22,0,Chris Buescher,128,-182,7,0,0,0,1,0,0
7,23,0,Ty Dillon,124,-186,7,0,0,0,1,0,0
7,24,0,Matt DiBenedetto,104,-206,7,0,0,0,0,0,0
7,25,0,Ryan Preece,97,-213,7,0,0,0,1,0,0
7,26,3,Michael McDowell,84,-226,7,0,0,1,1,0,0
7,27,-1,David Ragan,84,-226,7,0,0,0,0,0,0
7,28,-1,Bubba Wallace,83,-227,7,0,0,0,0,0,0
7,29,-1,Daniel Hemric,72,-238,7,0,0,0,0,0,0
7,30,0,Corey LaJoie,67,-243,7,0,0,0,0,0,0
7,31,0,Matt Tifft,62,-248,7,0,0,0,0,0,0
7,32,0,Landon Cassill,49,-261,7,0,0,0,0,0,0
7,33,0,Jamie McMurray,19,-291,1,0,0,0,0,0,0
7,34,0,Cody Ware,18,-292,6,0,0,0,0,0,0
7,35,0,Quin Houff,7,-303,1,0,0,0,0,0,0
7,36,0,Reed Sorenson,7,-303,3,0,0,0,0,0,0
7,37,0,Casey Mears,1,-309,1,0,0,0,0,0,0
7,38,0,Ross Chastain,0,-310,7,0,0,0,1,0,0
7,39,0,Parker Kligerman,0,-310,4,0,0,0,0,0,0
7,40,0,BJ McLeod,0,-310,5,0,0,0,0,0,0
7,41,0,Brendan Gaughan,0,-310,1,0,0,0,0,0,0
7,42,0,Tyler Reddick,0,-310,1,0,0,0,0,0,0
7,43,0,Bayley Currey,0,-310,2,0,0,0,0,0,0
7,44,3,Garrett Smithley,0,-310,3,0,0,0,0,0,0
7,45,-1,DJ Kennington,0,-310,1,0,0,0,0,0,0
7,46,-1,Joey Gase,0,-310,3,0,0,0,0,0,0
7,47,-1,Jeb Burton,0,-310,1,0,0,0,0,0,0
7,48,1,Timmy Hill,0,-310,1,0,0,0,0,0,0
7,49,-1,Ryan Truex,0,-310,1,0,0,0,0,0,0
8,1,0,Kyle Busch,361,0,8,0,3,6,8,4,19
8,2,0,Denny Hamlin,334,-27,8,0,2,5,7,1,11
8,3,1,Joey Logano,326,-35,8,1,1,4,5,3,8
8,4,-1,Kevin Harvick,301,-60,8,1,0,3,6,2,2
8,5,1,Brad Keselowski,271,-90,8,0,2,4,4,2,12
8,6,2,Ryan Blaney,265,-96,8,1,0,4,4,2,2
8,7,0,"Martin Truex, Jr.",254,-107,8,0,0,2,5,0,0
8,8,2,Kurt Busch,253,-108,8,0,0,3,6,0,0
8,9,-4,Aric Almirola,246,-115,8,1,0,1,6,0,0
8,10,-1,Chase Elliott,245,-116,8,1,0,1,2,0,0
8,11,0,Clint Bowyer,234,-127,8,0,0,2,4,0,0
8,12,2,Daniel Suarez,210,-151,8,0,0,1,4,0,0
8,13,2,Jimmie Johnson,209,-152,8,1,0,1,4,0,0
8,14,-2,Kyle Larson,203,-158,8,0,0,0,2,1,1
8,15,5,Ryan Newman,188,-173,8,0,0,0,1,0,0
8,16,-3,"Ricky Stenhouse, Jr.",187,-174,8,0,0,0,1,0,0
8,17,-1,Erik Jones,186,-175,8,0,0,2,3,0,0
8,18,-1,Austin Dillon,185,-176,8,1,0,0,1,0,0
8,19,2,Paul Menard,183,-178,8,0,0,0,1,0,0
8,20,-2,William Byron,174,-187,8,1,0,0,1,0,0
8,21,-2,Alex Bowman,166,-195,8,0,0,0,0,0,0
8,22,1,Ty Dillon,156,-205,8,0,0,0,1,1,1
8,23,-1,Chris Buescher,147,-214,8,0,0,0,1,0,0
8,24,0,Matt DiBenedetto,129,-232,8,0,0,0,0,0,0
8,25,0,Ryan Preece,109,-252,8,0,0,0,1,0,0
8,26,1,David Ragan,100,-261,8,0,0,0,0,0,0
8,27,1,Bubba Wallace,100,-261,8,0,0,0,0,0,0
8,28,-2,Michael McDowell,93,-268,8,0,0,1,1,0,0
8,29,0,Daniel Hemric,79,-282,8,0,0,0,0,0,0
8,30,1,Matt Tifft,72,-289,8,0,0,0,0,0,0
8,31,-1,Corey LaJoie,70,-291,8,0,0,0,0,0,0
8,32,0,Landon Cassill,60,-301,8,0,0,0,0,0,0
8,33,0,Jamie McMurray,19,-342,1,0,0,0,0,0,0
8,34,0,Cody Ware,18,-343,6,0,0,0,0,0,0
8,35,0,Quin Houff,12,-349,2,0,0,0,0,0,0
8,36,0,Reed Sorenson,7,-354,3,0,0,0,0,0,0
8,37,0,Casey Mears,1,-360,1,0,0,0,0,0,0
8,38,0,Tyler Reddick,0,-361,1,0,0,0,0,0,0
8,39,0,Timmy Hill,0,-361,1,0,0,0,0,0,0
8,40,0,Ross Chastain,0,-361,1,0,0,0,0,0,0
8,41,0,Parker Kligerman,0,-361,1,0,0,0,0,0,0
8,42,0,Joey Gase,0,-361,1,0,0,0,0,0,0
8,43,0,Jeb Burton,0,-361,2,0,0,0,0,0,0
8,44,0,Gray Gaulding,0,-361,2,0,0,0,0,0,0
8,45,0,Garrett Smithley,0,-361,3,0,0,0,0,0,0
8,46,0,DJ Kennington,0,-361,3,0,0,0,0,0,0
8,47,0,Brendan Gaughan,0,-361,4,0,0,0,0,0,0
8,48,0,BJ McLeod,0,-361,5,0,0,0,0,0,0
8,49,0,Bayley Currey,0,-361,8,0,0,0,1,0,0
8,50,0,Ryan Truex,0,-361,1,0,0,0,0,0,0
9,1,0,Kyle Busch,400,0,9,0,3,6,9,5,20
9,2,1,Joey Logano,380,-20,9,1,1,5,6,4,9
9,3,-1,Denny Hamlin,366,-34,9,0,2,6,8,1,11
9,4,0,Kevin Harvick,349,-51,9,2,0,4,7,2,2
9,5,0,Brad Keselowski,313,-87,9,0,2,4,5,2,12
9,6,1,"Martin Truex, Jr.",311,-89,9,0,1,3,6,0,5
9,7,1,Kurt Busch,287,-113,9,0,0,3,6,0,0
9,8,3,Clint Bowyer,280,-120,9,0,0,3,5,0,0
9,9,-3,Ryan Blaney,277,-123,9,1,0,4,4,2,2
9,10,0,Chase Elliott,267,-133,9,1,0,1,2,0,0
9,11,-2,Aric Almirola,260,-140,9,1,0,1,6,0,0
9,12,0,Daniel Suarez,235,-165,9,0,0,1,4,0,0
9,13,0,Jimmie Johnson,234,-166,9,1,0,1,4,0,0
9,14,3,Austin Dillon,216,-184,9,1,0,0,2,0,0
9,15,0,Ryan Newman,216,-184,9,0,0,0,2,0,0
9,16,3,Paul Menard,213,-187,9,0,0,0,2,0,0
9,17,0,Erik Jones,212,-188,9,0,0,2,3,0,0
9,18,-2,"Ricky Stenhouse, Jr.",208,-192,9,0,0,0,1,0,0
9,19,-5,Kyle Larson,204,-196,9,0,0,0,2,1,1
9,20,0,William Byron,198,-202,9,1,0,0,1,0,0
9,21,0,Alex Bowman,186,-214,9,0,0,0,0,0,0
9,22,0,Ty Dillon,172,-228,9,0,0,0,1,1,1
9,23,0,Chris Buescher,167,-233,9,0,0,0,1,0,0
9,24,0,Matt DiBenedetto,142,-258,9,0,0,0,0,0,0
9,25,0,Ryan Preece,126,-274,9,0,0,0,1,0,0
9,26,1,Bubba Wallace,110,-290,9,0,0,0,0,0,0
9,27,-1,David Ragan,109,-291,9,0,0,0,0,0,0
9,28,1,Daniel Hemric,97,-303,9,0,0,0,0,0,0
9,29,-1,Michael McDowell,94,-306,9,0,0,1,1,0,0
9,30,1,Corey LaJoie,81,-319,9,0,0,0,0,0,0
9,31,-1,Matt Tifft,80,-320,9,0,0,0,0,0,0
9,32,0,Landon Cassill,62,-338,9,0,0,0,0,0,0
9,33,0,Jamie McMurray,19,-381,1,0,0,0,0,0,0
9,34,0,Cody Ware,18,-382,6,0,0,0,0,0,0
9,35,0,Quin Houff,15,-385,3,0,0,0,0,0,0
9,36,0,Reed Sorenson,7,-393,3,0,0,0,0,0,0
9,37,0,Casey Mears,1,-399,1,0,0,0,0,0,0
9,38,0,Ross Chastain,0,-400,9,0,0,0,1,0,0
9,39,0,Parker Kligerman,0,-400,4,0,0,0,0,0,0
9,40,0,BJ McLeod,0,-400,5,0,0,0,0,0,0
9,41,0,Brendan Gaughan,0,-400,1,0,0,0,0,0,0
9,42,0,Tyler Reddick,0,-400,1,0,0,0,0,0,0
9,43,0,Bayley Currey,0,-400,4,0,0,0,0,0,0
9,44,4,Jeb Burton,0,-400,2,0,0,0,0,0,0
9,45,-1,Garrett Smithley,0,-400,3,0,0,0,0,0,0
9,46,-1,DJ Kennington,0,-400,1,0,0,0,0,0,0
9,47,-1,Joey Gase,0,-400,4,0,0,0,0,0,0
9,48,-1,Timmy Hill,0,-400,2,0,0,0,0,0,0
9,49,0,Gray Gaulding,0,-400,1,0,0,0,0,0,0
9,50,0,Ryan Truex,0,-400,1,0,0,0,0,0,0
10,1,0,Kyle Busch,430,0,10,0,3,6,10,5,20
10,2,0,Joey Logano,415,-15,10,1,1,6,7,4,9
10,3,0,Denny Hamlin,367,-63,10,0,2,6,8,1,11
10,4,0,Kevin Harvick,350,-80,10,2,0,4,7,2,2
10,5,0,Brad Keselowski,337,-93,10,0,2,4,5,2,12
10,6,0,"Martin Truex, Jr.",328,-102,10,0,1,3,6,0,5
10,7,3,Chase Elliott,324,-106,10,1,1,2,3,1,6
10,8,-1,Kurt Busch,323,-107,10,0,0,3,7,0,0
10,9,0,Ryan Blaney,306,-124,10,1,0,4,4,2,2
10,10,-2,Clint Bowyer,288,-142,10,0,0,3,5,0,0
10,11,0,Aric Almirola,288,-142,10,1,0,1,7,0,0
10,12,0,Daniel Suarez,266,-164,10,0,0,1,4,0,0
10,13,1,Austin Dillon,253,-177,10,2,0,0,2,0,0
10,14,1,Ryan Newman,251,-179,10,0,0,0,3,0,0
10,15,6,Alex Bowman,239,-191,10,0,0,1,1,0,0
10,16,-3,Jimmie Johnson,238,-192,10,1,0,1,4,0,0
10,17,-1,Paul Menard,234,-196,10,0,0,0,2,0,0
10,18,-1,Erik Jones,230,-200,10,0,0,2,3,0,0
10,19,1,William Byron,226,-204,10,1,0,0,1,0,0
10,20,-2,"Ricky Stenhouse, Jr.",223,-207,10,0,0,0,1,0,0
10,21,-2,Kyle Larson,221,-209,10,0,0,0,2,1,1
10,22,0,Ty Dillon,202,-228,10,0,0,0,1,2,2
10,23,0,Chris Buescher,174,-256,10,0,0,0,1,0,0
10,24,1,Ryan Preece,160,-270,10,0,0,1,2,0,0
10,25,-1,Matt DiBenedetto,149,-281,10,0,0,0,0,0,0
10,26,2,Daniel Hemric,132,-298,10,0,0,1,1,0,0
10,27,0,David Ragan,123,-307,10,0,0,0,0,0,0
10,28,-2,Bubba Wallace,111,-319,10,0,0,0,0,0,0
10,29,1,Corey LaJoie,107,-323,10,0,0,0,0,0,0
10,30,-1,Michael McDowell,95,-335,10,0,0,1,1,0,0
10,31,0,Matt Tifft,81,-349,10,0,0,0,0,0,0
10,32,2,Reed Sorenson,26,-404,4,0,0,0,0,0,0
10,33,-1,Jamie McMurray,19,-411,1,0,0,0,0,0,0
10,34,-1,Quin Houff,15,-415,3,0,0,0,0,0,0
10,35,19,Stanton Barrett,2,-428,1,0,0,0,0,0,0
10,36,-1,Casey Mears,1,-429,1,0,0,0,0,0,0
10,37,2,Brendan Gaughan,0,-430,2,0,0,0,1,0,0
10,38,-2,Ross Chastain,0,-430,10,0,0,0,1,0,0
10,39,-2,Parker Kligerman,0,-430,5,0,0,0,0,0,0
10,40,-2,BJ McLeod,0,-430,5,0,0,0,0,0,0
10,41,12,Jeffrey Earnhardt,0,-430,1,0,0,0,0,0,0
10,42,-2,Landon Cassill,0,-430,10,0,0,0,0,0,0
10,43,-2,Tyler Reddick,0,-430,1,0,0,0,0,0,0
10,44,0,Cody Ware,0,-430,7,0,0,0,0,0,0
10,45,-3,Bayley Currey,0,-430,4,0,0,0,0,0,0
10,46,-3,Jeb Burton,0,-430,2,0,0,0,0,0,0
10,47,-2,Garrett Smithley,0,-430,3,0,0,0,0,0,0
10,48,-2,DJ Kennington,0,-430,1,0,0,0,0,0,0
10,49,2,Justin Haley,0,-430,1,0,0,0,0,0,0
10,50,-3,Joey Gase,0,-430,4,0,0,0,0,0,0
10,51,-3,Timmy Hill,0,-430,2,0,0,0,0,0,0
10,52,-3,Gray Gaulding,0,-430,1,0,0,0,0,0,0
10,53,-3,Ryan Truex,0,-430,1,0,0,0,0,0,0
11,1,0,Kyle Busch,460,0,11,0,3,6,11,5,20
11,2,0,Joey Logano,455,-5,11,1,1,6,8,5,10
11,3,1,Kevin Harvick,397,-63,11,2,0,5,8,2,2
11,4,-1,Denny Hamlin,383,-77,11,0,2,6,8,1,11
11,5,1,"Martin Truex, Jr.",378,-82,11,0,2,4,7,1,11
11,6,-1,Brad Keselowski,377,-83,11,0,2,4,5,2,12
11,7,0,Chase Elliott,371,-89,11,2,1,3,4,1,6
11,8,0,Kurt Busch,347,-113,11,0,0,3,7,0,0
11,9,0,Ryan Blaney,335,-125,11,1,0,4,4,2,2
11,10,0,Clint Bowyer,319,-141,11,0,0,3,6,0,0
11,11,0,Aric Almirola,309,-151,11,1,0,1,7,0,0
11,12,0,Daniel Suarez,292,-168,11,0,0,1,4,0,0
11,13,2,Alex Bowman,287,-173,11,0,0,2,2,0,0
11,14,-1,Ryan Newman,270,-190,11,0,0,0,3,0,0
11,15,6,Kyle Larson,267,-193,11,0,0,1,3,1,1
11,16,2,Erik Jones,264,-196,11,0,0,2,4,0,0
11,17,-1,Jimmie Johnson,261,-199,11,1,0,1,4,0,0
11,18,-4,Austin Dillon,261,-199,11,2,0,0,2,0,0
11,19,0,William Byron,260,-200,11,1,0,0,2,0,0
11,20,-3,Paul Menard,254,-206,11,0,0,0,2,0,0
11,21,-1,"Ricky Stenhouse, Jr.",227,-233,11,0,0,0,1,0,0
11,22,0,Ty Dillon,217,-243,11,0,0,0,1,2,2
11,23,0,Chris Buescher,188,-272,11,0,0,0,1,0,0
11,24,0,Ryan Preece,169,-291,11,0,0,1,2,0,0
11,25,0,Matt DiBenedetto,166,-294,11,0,0,0,0,0,0
11,26,0,Daniel Hemric,144,-316,11,0,0,1,1,0,0
11,27,0,David Ragan,134,-326,11,0,0,0,0,0,0
11,28,0,Bubba Wallace,121,-339,11,0,0,0,0,0,0
11,29,0,Corey LaJoie,115,-345,11,0,0,0,0,0,0
11,30,0,Michael McDowell,108,-352,11,0,0,1,1,0,0
11,31,0,Matt Tifft,86,-374,11,0,0,0,0,0,0
11,32,0,Reed Sorenson,28,-432,5,0,0,0,0,0,0
11,33,0,Jamie McMurray,19,-441,1,0,0,0,0,0,0
11,34,0,Quin Houff,16,-444,4,0,0,0,0,0,0
11,35,0,Stanton Barrett,2,-458,1,0,0,0,0,0,0
11,36,0,Casey Mears,1,-459,1,0,0,0,0,0,0
11,37,0,Brendan Gaughan,0,-460,2,0,0,0,1,0,0
11,38,0,Ross Chastain,0,-460,11,0,0,0,1,0,0
11,39,0,Parker Kligerman,0,-460,5,0,0,0,0,0,0
11,40,0,BJ McLeod,0,-460,6,0,0,0,0,0,0
11,41,0,Jeffrey Earnhardt,0,-460,1,0,0,0,0,0,0
11,42,0,Landon Cassill,0,-460,11,0,0,0,0,0,0
11,43,0,Tyler Reddick,0,-460,1,0,0,0,0,0,0
11,44,0,Cody Ware,0,-460,8,0,0,0,0,0,0
11,45,0,Bayley Currey,0,-460,4,0,0,0,0,0,0
11,46,0,Jeb Burton,0,-460,2,0,0,0,0,0,0
11,47,0,Garrett Smithley,0,-460,3,0,0,0,0,0,0
11,48,0,DJ Kennington,0,-460,1,0,0,0,0,0,0
11,49,0,Justin Haley,0,-460,1,0,0,0,0,0,0
11,50,0,Joey Gase,0,-460,4,0,0,0,0,0,0
11,51,0,Timmy Hill,0,-460,2,0,0,0,0,0,0
11,52,0,Gray Gaulding,0,-460,1,0,0,0,0,0,0
11,53,0,Ryan Truex,0,-460,1,0,0,0,0,0,0
12,1,1,Joey Logano,478,0,12,1,1,6,8,5,10
12,2,-1,Kyle Busch,469,-9,12,0,3,6,11,5,20
12,3,0,Kevin Harvick,440,-38,12,3,0,5,8,3,3
12,4,3,Chase Elliott,423,-55,12,2,1,4,5,2,7
12,5,1,Brad Keselowski,421,-57,12,0,3,5,6,2,17
12,6,-2,Denny Hamlin,404,-74,12,0,2,6,8,1,11
12,7,-2,"Martin Truex, Jr.",396,-82,12,0,2,4,7,1,11
12,8,0,Kurt Busch,387,-91,12,0,0,3,8,0,0
12,9,1,Clint Bowyer,357,-121,12,0,0,4,7,0,0
12,10,-1,Ryan Blaney,340,-138,12,1,0,4,4,2,2
12,11,0,Aric Almirola,334,-144,12,1,0,1,7,0,0
12,12,1,Alex Bowman,329,-149,12,0,0,3,3,0,0
12,13,-1,Daniel Suarez,315,-163,12,0,0,1,4,0,0
12,14,2,Erik Jones,308,-170,12,0,0,3,5,0,0
12,15,0,Kyle Larson,304,-174,12,0,0,1,4,1,1
12,16,1,Jimmie Johnson,292,-186,12,1,0,1,5,0,0
12,17,-3,Ryan Newman,284,-194,12,0,0,0,3,0,0
12,18,0,Austin Dillon,281,-197,12,2,0,0,2,0,0
12,19,0,William Byron,277,-201,12,1,0,0,2,0,0
12,20,0,Paul Menard,267,-211,12,0,0,0,2,0,0
12,21,0,"Ricky Stenhouse, Jr.",267,-211,12,0,0,0,1,0,0
12,22,0,Ty Dillon,226,-252,12,0,0,0,1,2,2
12,23,0,Chris Buescher,225,-253,12,0,0,0,2,0,0
12,24,0,Ryan Preece,181,-297,12,0,0,1,2,0,0
12,25,0,Matt DiBenedetto,167,-311,12,0,0,0,0,0,0
12,26,0,Daniel Hemric,163,-315,12,0,0,1,1,0,0
12,27,0,David Ragan,144,-334,12,0,0,0,0,0,0
12,28,1,Corey LaJoie,130,-348,12,0,0,0,0,0,0
12,29,-1,Bubba Wallace,129,-349,12,0,0,0,0,0,0
12,30,0,Michael McDowell,119,-359,12,0,0,1,1,0,0
12,31,0,Matt Tifft,102,-376,12,0,0,0,0,0,0
12,32,0,Reed Sorenson,30,-448,6,0,0,0,0,0,0
12,33,0,Jamie McMurray,19,-459,1,0,0,0,0,0,0
12,34,0,Quin Houff,19,-459,5,0,0,0,0,0,0
12,35,0,Stanton Barrett,2,-476,1,0,0,0,0,0,0
12,36,0,Casey Mears,1,-477,1,0,0,0,0,0,0
12,37,0,Brendan Gaughan,0,-478,2,0,0,0,1,0,0
12,38,5,Tyler Reddick,0,-478,2,0,0,0,1,0,0
12,39,-1,Ross Chastain,0,-478,12,0,0,0,1,0,0
12,40,-1,Parker Kligerman,0,-478,5,0,0,0,0,0,0
12,41,-1,BJ McLeod,0,-478,6,0,0,0,0,0,0
12,42,-1,Jeffrey Earnhardt,0,-478,1,0,0,0,0,0,0
12,43,-1,Landon Cassill,0,-478,12,0,0,0,0,0,0
12,44,0,Cody Ware,0,-478,9,0,0,0,0,0,0
12,45,0,Bayley Currey,0,-478,5,0,0,0,0,0,0
12,46,0,Jeb Burton,0,-478,2,0,0,0,0,0,0
12,47,0,Garrett Smithley,0,-478,3,0,0,0,0,0,0
12,48,0,DJ Kennington,0,-478,1,0,0,0,0,0,0
12,49,0,Justin Haley,0,-478,1,0,0,0,0,0,0
12,50,0,Joey Gase,0,-478,5,0,0,0,0,0,0
12,51,0,Timmy Hill,0,-478,3,0,0,0,0,0,0
12,52,0,Gray Gaulding,0,-478,1,0,0,0,0,0,0
12,53,0,Ryan Truex,0,-478,1,0,0,0,0,0,0
13,1,1,Kyle Busch,528,0,13,0,3,7,12,5,20
13,2,-1,Joey Logano,522,-6,13,1,1,7,9,5,10
13,3,1,Chase Elliott,478,-50,13,2,1,5,6,2,7
13,4,-1,Kevin Harvick,478,-50,13,3,0,5,9,3,3
13,5,0,Brad Keselowski,459,-69,13,0,3,5,6,4,19
13,6,1,"Martin Truex, Jr.",448,-80,13,0,3,5,8,2,17
13,7,-1,Denny Hamlin,434,-94,13,0,2,6,8,1,11
13,8,0,Kurt Busch,406,-122,13,0,0,3,8,0,0
13,9,1,Ryan Blaney,376,-152,13,1,0,4,4,2,2
13,10,2,Alex Bowman,373,-155,13,0,0,3,4,0,0
13,11,-2,Clint Bowyer,370,-158,13,0,0,4,7,0,0
13,12,-1,Aric Almirola,360,-168,13,1,0,1,7,0,0
13,13,0,Daniel Suarez,334,-194,13,0,0,1,4,0,0
13,14,2,Jimmie Johnson,324,-204,13,1,0,1,6,0,0
13,15,4,William Byron,316,-212,13,2,0,0,3,0,0
13,16,-1,Kyle Larson,311,-217,13,0,0,1,4,1,1
13,17,-3,Erik Jones,309,-219,13,0,0,3,5,0,0
13,18,-1,Ryan Newman,305,-223,13,0,0,0,3,0,0
13,19,2,"Ricky Stenhouse, Jr.",303,-225,13,0,0,1,2,0,0
13,20,0,Paul Menard,290,-238,13,0,0,0,2,0,0
13,21,-3,Austin Dillon,284,-244,13,2,0,0,2,0,0
13,22,1,Chris Buescher,256,-272,13,0,0,0,3,0,0
13,23,-1,Ty Dillon,240,-288,13,0,0,0,1,2,2
13,24,0,Ryan Preece,187,-341,13,0,0,1,2,0,0
13,25,1,Daniel Hemric,179,-349,13,0,0,1,1,0,0
13,26,-1,Matt DiBenedetto,168,-360,13,0,0,0,0,0,0
13,27,0,David Ragan,166,-362,13,0,0,0,0,0,0
13,28,0,Corey LaJoie,155,-373,13,0,0,0,0,0,0
13,29,0,Bubba Wallace,141,-387,13,0,0,0,0,0,0
13,30,0,Michael McDowell,134,-394,13,0,0,1,1,0,0
13,31,0,Matt Tifft,119,-409,13,0,0,0,0,0,0
13,32,0,Reed Sorenson,37,-491,7,0,0,0,0,0,0
13,33,1,Quin Houff,28,-500,6,0,0,0,0,0,0
13,34,-1,Jamie McMurray,19,-509,1,0,0,0,0,0,0
13,35,0,Stanton Barrett,2,-526,1,0,0,0,0,0,0
13,36,0,Casey Mears,1,-527,1,0,0,0,0,0,0
13,37,0,Brendan Gaughan,0,-528,2,0,0,0,1,0,0
13,38,0,Tyler Reddick,0,-528,2,0,0,0,1,0,0
13,39,0,Ross Chastain,0,-528,13,0,0,0,1,0,0
13,40,0,Parker Kligerman,0,-528,6,0,0,0,0,0,0
13,41,0,BJ McLeod,0,-528,7,0,0,0,0,0,0
13,42,0,Jeffrey Earnhardt,0,-528,1,0,0,0,0,0,0
13,43,0,Landon Cassill,0,-528,13,0,0,0,0,0,0
13,44,0,Cody Ware,0,-528,10,0,0,0,0,0,0
13,45,0,Bayley Currey,0,-528,6,0,0,0,0,0,0
13,46,0,Jeb Burton,0,-528,2,0,0,0,0,0,0
13,47,3,Joey Gase,0,-528,6,0,0,0,0,0,0
13,48,-1,Garrett Smithley,0,-528,3,0,0,0,0,0,0
13,49,-1,DJ Kennington,0,-528,1,0,0,0,0,0,0
13,50,-1,Justin Haley,0,-528,1,0,0,0,0,0,0
13,51,0,Timmy Hill,0,-528,3,0,0,0,0,0,0
13,52,0,Gray Gaulding,0,-528,1,0,0,0,0,0,0
13,53,0,Ryan Truex,0,-528,1,0,0,0,0,0,0
14,1,0,Kyle Busch,568,0,14,0,4,8,13,5,25
14,2,0,Joey Logano,564,-4,14,1,1,7,10,5,10
14,3,0,Chase Elliott,511,-57,14,2,1,6,7,2,7
14,4,1,Brad Keselowski,509,-59,14,0,3,6,7,4,19
14,5,-1,Kevin Harvick,500,-68,14,3,0,5,9,3,3
14,6,1,Denny Hamlin,465,-103,14,0,2,6,9,1,11
14,7,-1,"Martin Truex, Jr.",452,-116,14,0,3,5,8,2,17
14,8,0,Kurt Busch,437,-131,14,0,0,3,8,0,0
14,9,0,Ryan Blaney,406,-162,14,1,0,4,4,2,2
14,10,1,Clint Bowyer,402,-166,14,0,0,5,8,0,0
14,11,-1,Alex Bowman,395,-173,14,0,0,3,4,0,0
14,12,0,Aric Almirola,393,-175,14,1,0,1,8,0,0
14,13,0,Daniel Suarez,368,-200,14,0,0,1,5,0,0
14,14,1,William Byron,361,-207,14,3,0,0,4,0,0
14,15,2,Erik Jones,343,-225,14,0,0,4,6,0,0
14,16,0,Kyle Larson,342,-226,14,0,0,1,4,3,3
14,17,-3,Jimmie Johnson,342,-226,14,1,0,1,6,0,0
14,18,0,Ryan Newman,332,-236,14,0,0,0,3,0,0
14,19,1,Paul Menard,310,-258,14,0,0,0,2,0,0
14,20,-1,"Ricky Stenhouse, Jr.",308,-260,14,0,0,1,2,0,0
14,21,0,Austin Dillon,285,-283,14,2,0,0,2,0,0
14,22,0,Chris Buescher,282,-286,14,0,0,0,3,0,0
14,23,0,Ty Dillon,250,-318,14,0,0,0,1,2,2
14,24,1,Daniel Hemric,205,-363,14,0,0,1,1,0,0
14,25,-1,Ryan Preece,201,-367,14,0,0,1,2,0,0
14,26,0,Matt DiBenedetto,188,-380,14,0,0,0,0,0,0
14,27,0,David Ragan,173,-395,14,0,0,0,0,0,0
14,28,1,Bubba Wallace,161,-407,14,0,0,0,0,0,0
14,29,-1,Corey LaJoie,156,-412,14,0,0,0,0,0,0
14,30,0,Michael McDowell,151,-417,14,0,0,1,1,0,0
14,31,0,Matt Tifft,123,-445,14,0,0,0,0,0,0
14,32,0,Reed Sorenson,46,-522,8,0,0,0,0,0,0
14,33,0,Quin Houff,36,-532,7,0,0,0,0,0,0
14,34,0,Jamie McMurray,19,-549,1,0,0,0,0,0,0
14,35,19,JJ Yeley,3,-565,1,0,0,0,0,0,0
14,36,-1,Stanton Barrett,2,-566,1,0,0,0,0,0,0
14,37,-1,Casey Mears,1,-567,1,0,0,0,0,0,0
14,38,-1,Brendan Gaughan,0,-568,2,0,0,0,1,0,0
14,39,-1,Tyler Reddick,0,-568,2,0,0,0,1,0,0
14,40,-1,Ross Chastain,0,-568,14,0,0,0,1,0,0
14,41,-1,Parker Kligerman,0,-568,6,0,0,0,0,0,0
14,42,-1,BJ McLeod,0,-568,7,0,0,0,0,0,0
14,43,-1,Jeffrey Earnhardt,0,-568,1,0,0,0,0,0,0
14,44,-1,Landon Cassill,0,-568,14,0,0,0,0,0,0
14,45,0,Bayley Currey,0,-568,7,0,0,0,0,0,0
14,46,-2,Cody Ware,0,-568,10,0,0,0,0,0,0
14,47,-1,Jeb Burton,0,-568,2,0,0,0,0,0,0
14,48,-1,Joey Gase,0,-568,6,0,0,0,0,0,0
14,49,-1,Garrett Smithley,0,-568,3,0,0,0,0,0,0
14,50,-1,DJ Kennington,0,-568,1,0,0,0,0,0,0
14,51,-1,Justin Haley,0,-568,1,0,0,0,0,0,0
14,52,-1,Timmy Hill,0,-568,3,0,0,0,0,0,0
14,53,-1,Gray Gaulding,0,-568,1,0,0,0,0,0,0
14,54,-1,Ryan Truex,0,-568,1,0,0,0,0,0,0
15,1,1,Joey Logano,614,0,15,2,2,8,11,6,16
15,2,-1,Kyle Busch,605,-9,15,0,4,9,14,5,25
15,3,1,Brad Keselowski,541,-73,15,0,3,6,8,4,19
15,4,1,Kevin Harvick,539,-75,15,3,0,5,10,3,3
15,5,-2,Chase Elliott,531,-83,15,2,1,6,7,2,7
15,6,1,"Martin Truex, Jr.",499,-115,15,0,3,6,9,2,17
15,7,-1,Denny Hamlin,491,-123,15,0,2,6,9,1,11
15,8,0,Kurt Busch,485,-129,15,0,0,4,9,0,0
15,9,0,Ryan Blaney,434,-180,15,1,0,4,5,2,2
15,10,1,Alex Bowman,433,-181,15,0,0,3,5,0,0
15,11,1,Aric Almirola,426,-188,15,1,0,1,8,0,0
15,12,-2,Clint Bowyer,404,-210,15,0,0,5,8,0,0
15,13,0,Daniel Suarez,401,-213,15,0,0,2,6,0,0
15,14,0,William Byron,383,-231,15,3,0,0,4,0,0
15,15,1,Kyle Larson,369,-245,15,0,0,1,4,3,3
15,16,1,Jimmie Johnson,364,-250,15,1,0,1,6,0,0
15,17,1,Ryan Newman,361,-253,15,0,0,0,4,0,0
15,18,-3,Erik Jones,357,-257,15,0,0,4,6,0,0
15,19,0,Paul Menard,336,-278,15,0,0,0,2,0,0
15,20,0,"Ricky Stenhouse, Jr.",326,-288,15,0,0,1,2,0,0
15,21,0,Austin Dillon,306,-308,15,2,0,0,2,1,1
15,22,0,Chris Buescher,304,-310,15,0,0,0,3,0,0
15,23,0,Ty Dillon,265,-349,15,0,0,0,1,2,2
15,24,0,Daniel Hemric,234,-380,15,0,0,1,1,0,0
15,25,0,Ryan Preece,213,-401,15,0,0,1,2,0,0
15,26,0,Matt DiBenedetto,204,-410,15,0,0,0,0,0,0
15,27,0,David Ragan,176,-438,15,0,0,0,0,0,0
15,28,1,Corey LaJoie,170,-444,15,0,0,0,0,0,0
15,29,-1,Bubba Wallace,170,-444,15,0,0,0,0,0,0
15,30,0,Michael McDowell,161,-453,15,0,0,1,1,0,0
15,31,0,Matt Tifft,136,-478,15,0,0,0,0,0,0
15,32,0,Reed Sorenson,46,-568,8,0,0,0,0,0,0
15,33,0,Quin Houff,41,-573,8,0,0,0,0,0,0
15,34,0,Jamie McMurray,19,-595,1,0,0,0,0,0,0
15,35,0,JJ Yeley,3,-611,1,0,0,0,0,0,0
15,36,0,Stanton Barrett,2,-612,1,0,0,0,0,0,0
15,37,0,Casey Mears,1,-613,1,0,0,0,0,0,0
15,38,0,Brendan Gaughan,0,-614,2,0,0,0,1,0,0
15,39,0,Tyler Reddick,0,-614,2,0,0,0,1,0,0
15,40,0,Ross Chastain,0,-614,14,0,0,0,1,0,0
15,41,0,Parker Kligerman,0,-614,6,0,0,0,0,0,0
15,42,0,BJ McLeod,0,-614,7,0,0,0,0,0,0
15,43,0,Jeffrey Earnhardt,0,-614,1,0,0,0,0,0,0
15,44,0,Landon Cassill,0,-614,15,0,0,0,0,0,0
15,45,0,Bayley Currey,0,-614,7,0,0,0,0,0,0
15,46,0,Cody Ware,0,-614,10,0,0,0,0,0,0
15,47,2,Garrett Smithley,0,-614,4,0,0,0,0,0,0
15,48,-1,Jeb Burton,0,-614,2,0,0,0,0,0,0
15,49,-1,Joey Gase,0,-614,6,0,0,0,0,0,0
15,50,0,DJ Kennington,0,-614,1,0,0,0,0,0,0
15,51,0,Justin Haley,0,-614,1,0,0,0,0,0,0
15,52,5,Josh Bilicki,0,-614,1,0,0,0,0,0,0
15,53,-1,Timmy Hill,0,-614,3,0,0,0,0,0,0
15,54,-1,Gray Gaulding,0,-614,1,0,0,0,0,0,0
15,55,1,Kyle Weatherman,0,-614,1,0,0,0,0,0,0
15,56,-2,Ryan Truex,0,-614,1,0,0,0,0,0,0
16,1,0,Joey Logano,643,0,16,2,2,8,11,6,16
16,2,0,Kyle Busch,642,-1,16,0,4,10,15,5,25
16,3,1,Kevin Harvick,573,-70,16,3,0,5,11,3,3
16,4,-1,Brad Keselowski,569,-74,16,0,3,6,8,4,19
16,5,1,"Martin Truex, Jr.",543,-100,16,0,4,7,10,2,22
16,6,1,Denny Hamlin,542,-101,16,0,2,7,10,2,12
16,7,-2,Chase Elliott,535,-108,16,2,1,6,7,2,7
16,8,0,Kurt Busch,509,-134,16,0,0,4,9,0,0
16,9,0,Ryan Blaney,468,-175,16,1,0,5,6,2,2
16,10,0,Alex Bowman,460,-183,16,0,0,3,5,0,0
16,11,0,Aric Almirola,460,-183,16,1,0,1,9,0,0
16,12,0,Clint Bowyer,430,-213,16,0,0,5,8,0,0
16,13,0,Daniel Suarez,421,-222,16,0,0,2,6,0,0
16,14,0,William Byron,419,-224,16,3,0,0,4,1,1
16,15,0,Kyle Larson,408,-235,16,1,0,1,5,3,3
16,16,1,Ryan Newman,391,-252,16,0,0,0,5,0,0
16,17,-1,Jimmie Johnson,390,-253,16,1,0,1,6,0,0
16,18,0,Erik Jones,386,-257,16,0,0,4,7,0,0
16,19,0,Paul Menard,353,-290,16,0,0,0,2,0,0
16,20,0,"Ricky Stenhouse, Jr.",348,-295,16,0,0,1,2,0,0
16,21,1,Chris Buescher,330,-313,16,0,0,0,3,0,0
16,22,-1,Austin Dillon,319,-324,16,2,0,0,2,1,1
16,23,0,Ty Dillon,275,-368,16,0,0,0,1,2,2
16,24,0,Daniel Hemric,256,-387,16,0,0,1,1,0,0
16,25,1,Matt DiBenedetto,237,-406,16,0,0,1,1,0,0
16,26,-1,Ryan Preece,221,-422,16,0,0,1,2,0,0
16,27,0,David Ragan,193,-450,16,0,0,0,0,0,0
16,28,1,Bubba Wallace,182,-461,16,0,0,0,0,0,0
16,29,-1,Corey LaJoie,175,-468,16,0,0,0,0,0,0
16,30,0,Michael McDowell,173,-470,16,0,0,1,1,0,0
16,31,0,Matt Tifft,145,-498,16,0,0,0,0,0,0
16,32,0,Reed Sorenson,48,-595,9,0,0,0,0,0,0
16,33,0,Quin Houff,41,-602,8,0,0,0,0,0,0
16,34,0,Jamie McMurray,19,-624,1,0,0,0,0,0,0
16,35,0,JJ Yeley,4,-639,2,0,0,0,0,0,0
16,36,0,Stanton Barrett,2,-641,1,0,0,0,0,0,0
16,37,0,Casey Mears,1,-642,1,0,0,0,0,0,0
16,38,0,Brendan Gaughan,0,-643,2,0,0,0,1,0,0
16,39,0,Tyler Reddick,0,-643,2,0,0,0,1,0,0
16,40,0,Ross Chastain,0,-643,15,0,0,0,1,0,0
16,41,0,Parker Kligerman,0,-643,7,0,0,0,0,0,0
16,42,0,BJ McLeod,0,-643,7,0,0,0,0,0,0
16,43,0,Jeffrey Earnhardt,0,-643,1,0,0,0,0,0,0
16,44,0,Landon Cassill,0,-643,16,0,0,0,0,0,0
16,45,0,Bayley Currey,0,-643,7,0,0,0,0,0,0
16,46,0,Cody Ware,0,-643,11,0,0,0,0,0,0
16,47,0,Garrett Smithley,0,-643,4,0,0,0,0,0,0
16,48,0,Jeb Burton,0,-643,2,0,0,0,0,0,0
16,49,0,Joey Gase,0,-643,6,0,0,0,0,0,0
16,50,1,Justin Haley,0,-643,2,0,0,0,0,0,0
16,51,-1,DJ Kennington,0,-643,1,0,0,0,0,0,0
16,52,0,Josh Bilicki,0,-643,1,0,0,0,0,0,0
16,53,0,Timmy Hill,0,-643,3,0,0,0,0,0,0
16,54,0,Gray Gaulding,0,-643,1,0,0,0,0,0,0
16,55,0,Kyle Weatherman,0,-643,1,0,0,0,0,0,0
16,56,0,Ryan Truex,0,-643,1,0,0,0,0,0,0
17,1,0,Joey Logano,677,0,17,2,2,9,12,6,16
17,2,0,Kyle Busch,659,-18,17,0,4,10,15,5,25
17,3,1,Brad Keselowski,610,-67,17,0,3,7,9,4,19
17,4,-1,Kevin Harvick,610,-67,17,3,0,5,11,4,4
17,5,0,"Martin Truex, Jr.",581,-96,17,0,4,7,11,2,22
17,6,0,Denny Hamlin,574,-103,17,0,2,7,10,3,13
17,7,0,Chase Elliott,570,-107,17,2,1,6,7,2,7
17,8,0,Kurt Busch,537,-140,17,0,0,4,9,0,0
17,9,1,Alex Bowman,509,-168,17,0,1,4,6,0,5
17,10,-1,Ryan Blaney,499,-178,17,1,0,5,7,2,2
17,11,0,Aric Almirola,482,-195,17,1,0,1,9,0,0
17,12,2,William Byron,455,-222,17,3,0,0,5,1,1
17,13,2,Kyle Larson,451,-226,17,1,0,2,6,3,3
17,14,3,Jimmie Johnson,436,-241,17,1,0,2,7,0,0
17,15,-2,Daniel Suarez,434,-243,17,0,0,2,6,0,0
17,16,-4,Clint Bowyer,431,-246,17,0,0,5,8,0,0
17,17,1,Erik Jones,416,-261,17,0,0,4,8,0,0
17,18,-2,Ryan Newman,411,-266,17,0,0,0,5,0,0
17,19,1,"Ricky Stenhouse, Jr.",373,-304,17,0,0,1,2,0,0
17,20,-1,Paul Menard,369,-308,17,0,0,0,2,0,0
17,21,1,Austin Dillon,352,-325,17,3,0,0,3,1,1
17,22,-1,Chris Buescher,349,-328,17,0,0,0,3,0,0
17,23,0,Ty Dillon,277,-400,17,0,0,0,1,2,2
17,24,0,Daniel Hemric,274,-403,17,0,0,1,1,0,0
17,25,0,Matt DiBenedetto,247,-430,17,0,0,1,1,0,0
17,26,0,Ryan Preece,230,-447,17,0,0,1,2,0,0
17,27,0,David Ragan,207,-470,17,0,0,0,0,0,0
17,28,2,Michael McDowell,198,-479,17,0,0,1,1,0,0
17,29,-1,Bubba Wallace,194,-483,17,0,0,0,0,0,0
17,30,-1,Corey LaJoie,182,-495,17,0,0,0,0,0,0
17,31,0,Matt Tifft,153,-524,17,0,0,0,0,0,0
17,32,0,Reed Sorenson,51,-626,10,0,0,0,0,0,0
17,33,0,Quin Houff,42,-635,9,0,0,0,0,0,0
17,34,0,Jamie McMurray,19,-658,1,0,0,0,0,0,0
17,35,0,JJ Yeley,4,-673,2,0,0,0,0,0,0
17,36,0,Stanton Barrett,2,-675,1,0,0,0,0,0,0
17,37,0,Casey Mears,1,-676,1,0,0,0,0,0,0
17,38,0,Brendan Gaughan,0,-677,2,0,0,0,1,0,0
17,39,0,Tyler Reddick,0,-677,2,0,0,0,1,0,0
17,40,0,Ross Chastain,0,-677,16,0,0,0,1,0,0
17,41,0,Parker Kligerman,0,-677,7,0,0,0,0,0,0
17,42,0,BJ McLeod,0,-677,8,0,0,0,0,0,0
17,43,0,Jeffrey Earnhardt,0,-677,1,0,0,0,0,0,0
17,44,0,Landon Cassill,0,-677,17,0,0,0,0,0,0
17,45,0,Bayley Currey,0,-677,8,0,0,0,0,0,0
17,46,0,Cody Ware,0,-677,11,0,0,0,0,0,0
17,47,0,Garrett Smithley,0,-677,4,0,0,0,0,0,0
17,48,0,Jeb Burton,0,-677,2,0,0,0,0,0,0
17,49,0,Joey Gase,0,-677,5,0,0,0,0,0,0
17,50,0,Justin Haley,0,-677,2,0,0,0,0,0,0
17,51,0,DJ Kennington,0,-677,1,0,0,0,0,0,0
17,52,0,Josh Bilicki,0,-677,2,0,0,0,0,0,0
17,53,0,Timmy Hill,0,-677,3,0,0,0,0,0,0
17,54,0,Gray Gaulding,0,-677,1,0,0,0,0,0,0
17,55,0,Kyle Weatherman,0,-677,1,0,0,0,0,0,0
17,56,0,Ryan Truex,0,-677,0,0,0,0,0,0,0
18,1,0,Joey Logano,700,0,18,3,2,9,12,7,17
18,2,0,Kyle Busch,682,-18,18,0,4,10,15,5,25
18,3,1,Kevin Harvick,625,-75,18,3,0,5,11,4,4
18,4,-1,Brad Keselowski,613,-87,18,0,3,7,9,4,19
18,5,0,"Martin Truex, Jr.",597,-103,18,0,4,7,11,2,22
18,6,0,Denny Hamlin,588,-112,18,0,2,7,10,3,13
18,7,0,Chase Elliott,585,-115,18,2,1,6,7,2,7
18,8,0,Kurt Busch,564,-136,18,0,0,4,10,0,0
18,9,0,Alex Bowman,534,-166,18,0,1,4,6,0,5
18,10,1,Aric Almirola,512,-188,18,1,0,1,10,0,0
18,11,-1,Ryan Blaney,508,-192,18,1,0,5,7,2,2
18,12,0,William Byron,498,-202,18,3,0,1,6,1,1
18,13,1,Jimmie Johnson,474,-226,18,1,0,3,8,0,0
18,14,-1,Kyle Larson,473,-227,18,1,0,2,6,3,3
18,15,1,Clint Bowyer,444,-256,18,0,0,5,8,0,0
18,16,2,Ryan Newman,443,-257,18,0,0,1,6,0,0
18,17,-2,Daniel Suarez,440,-260,18,0,0,2,6,0,0
18,18,-1,Erik Jones,430,-270,18,0,0,4,8,0,0
18,19,0,"Ricky Stenhouse, Jr.",398,-302,18,0,0,1,2,0,0
18,20,0,Paul Menard,390,-310,18,0,0,0,2,0,0
18,21,1,Chris Buescher,369,-331,18,0,0,0,3,0,0
18,22,-1,Austin Dillon,366,-334,18,3,0,0,3,2,2
18,23,0,Ty Dillon,310,-390,18,0,0,1,2,2,2
18,24,0,Daniel Hemric,293,-407,18,0,0,1,1,0,0
18,25,0,Matt DiBenedetto,276,-424,18,0,0,1,2,0,0
18,26,0,Ryan Preece,235,-465,18,0,0,1,2,0,0
18,27,1,Michael McDowell,222,-478,18,0,0,1,1,0,0
18,28,1,Bubba Wallace,218,-482,18,0,0,0,0,0,0
18,29,1,Corey LaJoie,213,-487,18,0,0,0,1,0,0
18,30,-3,David Ragan,208,-492,18,0,0,0,0,0,0
18,31,0,Matt Tifft,181,-519,18,0,0,0,1,0,0
18,32,0,Reed Sorenson,51,-649,10,0,0,0,0,0,0
18,33,0,Quin Houff,43,-657,10,0,0,0,0,0,0
18,34,1,JJ Yeley,29,-671,3,0,0,0,0,0,0
18,35,-1,Jamie McMurray,19,-681,1,0,0,0,0,0,0
18,36,0,Stanton Barrett,2,-698,1,0,0,0,0,0,0
18,37,0,Casey Mears,1,-699,1,0,0,0,0,0,0
18,38,12,Justin Haley,0,-700,3,0,1,1,1,0,0
18,39,-1,Brendan Gaughan,0,-700,3,0,0,0,1,0,0
18,40,-1,Tyler Reddick,0,-700,2,0,0,0,1,0,0
18,41,-1,Ross Chastain,0,-700,17,0,0,0,1,0,0
18,42,2,Landon Cassill,0,-700,18,0,0,0,0,0,0
18,43,-2,Parker Kligerman,0,-700,8,0,0,0,0,0,0
18,44,-2,BJ McLeod,0,-700,9,0,0,0,0,0,0
18,45,-2,Jeffrey Earnhardt,0,-700,1,0,0,0,0,0,0
18,46,-1,Bayley Currey,0,-700,8,0,0,0,0,0,0
18,47,2,Joey Gase,0,-700,6,0,0,0,0,0,0
18,48,-2,Cody Ware,0,-700,11,0,0,0,0,0,0
18,49,-2,Garrett Smithley,0,-700,4,0,0,0,0,0,0
18,50,-2,Jeb Burton,0,-700,2,0,0,0,0,0,0
18,51,0,DJ Kennington,0,-700,1,0,0,0,0,0,0
18,52,0,Josh Bilicki,0,-700,2,0,0,0,0,0,0
18,53,0,Timmy Hill,0,-700,3,0,0,0,0,0,0
18,54,0,Gray Gaulding,0,-700,1,0,0,0,0,0,0
18,55,0,Kyle Weatherman,0,-700,1,0,0,0,0,0,0
18,56,0,Ryan Truex,0,-700,0,0,0,0,0,0,0
19,1,0,Joey Logano,746,0,19,3,2,9,13,7,17
19,2,0,Kyle Busch,735,-11,19,0,4,11,16,6,26
19,3,0,Kevin Harvick,645,-101,19,3,0,5,11,4,4
19,4,0,Brad Keselowski,630,-116,19,0,3,7,9,4,19
19,5,1,Denny Hamlin,627,-119,19,0,2,8,11,3,13
19,6,-1,"Martin Truex, Jr.",618,-128,19,0,4,7,11,2,22
19,7,1,Kurt Busch,618,-128,19,0,1,5,11,1,6
19,8,-1,Chase Elliott,607,-139,19,2,1,6,7,2,7
19,9,0,Alex Bowman,554,-192,19,0,1,4,6,0,5
19,10,0,Aric Almirola,542,-204,19,1,0,1,10,0,0
19,11,0,Ryan Blaney,535,-211,19,1,0,5,7,2,2
19,12,0,William Byron,517,-229,19,3,0,1,6,1,1
19,13,1,Kyle Larson,511,-235,19,1,0,3,7,3,3
19,14,1,Clint Bowyer,481,-265,19,0,0,5,9,0,0
19,15,-2,Jimmie Johnson,481,-265,19,1,0,3,8,0,0
19,16,2,Erik Jones,473,-273,19,0,0,5,9,0,0
19,17,-1,Ryan Newman,471,-275,19,0,0,1,7,0,0
19,18,-1,Daniel Suarez,469,-277,19,1,0,2,7,0,0
19,19,0,"Ricky Stenhouse, Jr.",427,-319,19,0,0,1,2,0,0
19,20,0,Paul Menard,419,-327,19,0,0,0,2,0,0
19,21,0,Chris Buescher,396,-350,19,0,0,0,4,0,0
19,22,0,Austin Dillon,376,-370,19,3,0,0,3,2,2
19,23,0,Ty Dillon,321,-425,19,0,0,1,2,2,2
19,24,0,Daniel Hemric,308,-438,19,0,0,1,1,0,0
19,25,0,Matt DiBenedetto,297,-449,19,0,0,1,2,0,0
19,26,0,Ryan Preece,251,-495,19,0,0,1,2,0,0
19,27,0,Michael McDowell,234,-512,19,0,0,1,1,0,0
19,28,0,Bubba Wallace,232,-514,19,0,0,0,0,0,0
19,29,0,Corey LaJoie,222,-524,19,0,0,0,1,0,0
19,30,0,David Ragan,216,-530,19,0,0,0,0,0,0
19,31,0,Matt Tifft,191,-555,19,0,0,0,1,0,0
19,32,0,Reed Sorenson,51,-695,10,0,0,0,0,0,0
19,33,0,Quin Houff,46,-700,11,0,0,0,0,0,0
19,34,0,JJ Yeley,29,-717,3,0,0,0,0,0,0
19,35,0,Jamie McMurray,19,-727,1,0,0,0,0,0,0
19,36,0,Stanton Barrett,2,-744,1,0,0,0,0,0,0
19,37,0,Casey Mears,1,-745,1,0,0,0,0,0,0
19,38,0,Justin Haley,0,-746,3,0,1,1,1,0,0
19,39,0,Brendan Gaughan,0,-746,3,0,0,0,1,0,0
19,40,0,Tyler Reddick,0,-746,2,0,0,0,1,0,0
19,41,0,Ross Chastain,0,-746,18,0,0,0,1,0,0
19,42,0,Landon Cassill,0,-746,19,0,0,0,0,0,0
19,43,0,Parker Kligerman,0,-746,8,0,0,0,0,0,0
19,44,0,BJ McLeod,0,-746,10,0,0,0,0,0,0
19,45,0,Jeffrey Earnhardt,0,-746,1,0,0,0,0,0,0
19,46,0,Bayley Currey,0,-746,9,0,0,0,0,0,0
19,47,0,Joey Gase,0,-746,6,0,0,0,0,0,0
19,48,0,Cody Ware,0,-746,11,0,0,0,0,0,0
19,49,0,Garrett Smithley,0,-746,4,0,0,0,0,0,0
19,50,0,Jeb Burton,0,-746,2,0,0,0,0,0,0
19,51,0,DJ Kennington,0,-746,1,0,0,0,0,0,0
19,52,0,Josh Bilicki,0,-746,2,0,0,0,0,0,0
19,53,0,Timmy Hill,0,-746,3,0,0,0,0,0,0
19,54,0,Gray Gaulding,0,-746,1,0,0,0,0,0,0
19,55,0,Kyle Weatherman,0,-746,1,0,0,0,0,0,0
19,56,0,Ryan Truex,0,-746,0,0,0,0,0,0,0
20,1,0,Joey Logano,783,0,20,3,2,9,14,7,17
20,2,0,Kyle Busch,780,-3,20,0,4,11,17,7,27
20,3,0,Kevin Harvick,691,-92,20,3,1,6,12,4,9
20,4,1,Denny Hamlin,669,-114,20,0,2,9,12,3,13
20,5,-1,Brad Keselowski,663,-120,20,1,3,7,10,4,19
20,6,0,"Martin Truex, Jr.",654,-129,20,0,4,7,12,2,22
20,7,0,Kurt Busch,638,-145,20,0,1,5,11,1,6
20,8,0,Chase Elliott,615,-168,20,2,1,6,7,2,7
20,9,1,Aric Almirola,586,-197,20,1,0,1,10,1,1
20,10,-1,Alex Bowman,577,-206,20,0,1,4,6,0,5
20,11,0,Ryan Blaney,572,-211,20,1,0,6,8,2,2
20,12,0,William Byron,549,-234,20,3,0,1,6,1,1
20,13,0,Kyle Larson,519,-264,20,1,0,3,7,3,3
20,14,1,Erik Jones,516,-267,20,0,0,6,10,0,0
20,15,1,Ryan Newman,509,-274,20,0,0,1,8,0,0
20,16,-2,Clint Bowyer,505,-278,20,0,0,5,9,0,0
20,17,-2,Jimmie Johnson,488,-295,20,1,0,3,8,0,0
20,18,0,Daniel Suarez,488,-295,20,1,0,2,7,0,0
20,19,1,Paul Menard,445,-338,20,0,0,0,2,0,0
20,20,-1,"Ricky Stenhouse, Jr.",428,-355,20,0,0,1,2,0,0
20,21,0,Chris Buescher,418,-365,20,0,0,0,4,0,0
20,22,0,Austin Dillon,381,-402,20,3,0,0,3,2,2
20,23,0,Ty Dillon,342,-441,20,0,0,1,2,2,2
20,24,1,Matt DiBenedetto,329,-454,20,0,0,2,3,0,0
20,25,-1,Daniel Hemric,309,-474,20,0,0,1,1,0,0
20,26,0,Ryan Preece,267,-516,20,0,0,1,2,0,0
20,27,0,Michael McDowell,254,-529,20,0,0,1,1,0,0
20,28,0,Bubba Wallace,247,-536,20,0,0,0,0,0,0
20,29,0,Corey LaJoie,236,-547,20,0,0,0,1,0,0
20,30,0,David Ragan,219,-564,20,0,0,0,0,0,0
20,31,0,Matt Tifft,204,-579,20,0,0,0,1,0,0
20,32,0,Reed Sorenson,61,-722,11,0,0,0,0,0,0
20,33,0,Quin Houff,55,-728,12,0,0,0,0,0,0
20,34,0,JJ Yeley,29,-754,3,0,0,0,0,0,0
20,35,0,Jamie McMurray,19,-764,1,0,0,0,0,0,0
20,36,22,Andy Seuss,9,-774,1,0,0,0,0,0,0
20,37,-1,Stanton Barrett,2,-781,1,0,0,0,0,0,0
20,38,20,Austin Theriault,2,-781,1,0,0,0,0,0,0
20,39,-2,Casey Mears,1,-782,1,0,0,0,0,0,0
20,40,-2,Justin Haley,0,-783,3,0,1,1,1,0,0
20,41,-2,Brendan Gaughan,0,-783,3,0,0,0,1,0,0
20,42,-2,Tyler Reddick,0,-783,2,0,0,0,1,0,0
20,43,-2,Ross Chastain,0,-783,19,0,0,0,1,0,0
20,44,-2,Landon Cassill,0,-783,20,0,0,0,0,0,0
20,45,-2,Parker Kligerman,0,-783,8,0,0,0,0,0,0
20,46,-2,BJ McLeod,0,-783,10,0,0,0,0,0,0
20,47,-2,Jeffrey Earnhardt,0,-783,1,0,0,0,0,0,0
20,48,-2,Bayley Currey,0,-783,9,0,0,0,0,0,0
20,49,-2,Joey Gase,0,-783,7,0,0,0,0,0,0
20,50,-2,Cody Ware,0,-783,11,0,0,0,0,0,0
20,51,-2,Garrett Smithley,0,-783,4,0,0,0,0,0,0
20,52,-2,Jeb Burton,0,-783,2,0,0,0,0,0,0
20,53,-2,DJ Kennington,0,-783,1,0,0,0,0,0,0
20,54,-2,Josh Bilicki,0,-783,2,0,0,0,0,0,0
20,55,-2,Timmy Hill,0,-783,3,0,0,0,0,0,0
20,56,-2,Gray Gaulding,0,-783,1,0,0,0,0,0,0
20,57,-2,Kyle Weatherman,0,-783,1,0,0,0,0,0,0
20,58,-2,Ryan Truex,0,-783,1,0,0,0,0,0,0
21,1,0,Joey Logano,824,0,21,3,2,9,14,7,17
21,2,0,Kyle Busch,818,-6,21,0,4,11,18,8,28
21,3,0,Kevin Harvick,739,-85,21,4,1,6,13,4,9
21,4,0,Denny Hamlin,722,-102,21,0,3,10,13,3,18
21,5,1,"Martin Truex, Jr.",701,-123,21,0,4,8,13,2,22
21,6,-1,Brad Keselowski,695,-129,21,1,3,7,11,4,19
21,7,0,Kurt Busch,650,-174,21,0,1,5,11,1,6
21,8,0,Chase Elliott,616,-208,21,2,1,6,7,2,7
21,9,0,Aric Almirola,614,-210,21,1,0,1,10,1,1
21,10,1,Ryan Blaney,599,-225,21,1,0,6,9,2,2
21,11,-1,Alex Bowman,596,-228,21,0,1,4,6,0,5
21,12,0,William Byron,582,-242,21,3,0,2,7,1,1
21,13,1,Erik Jones,559,-265,21,0,0,7,11,0,0
21,14,-1,Kyle Larson,557,-267,21,1,0,4,8,3,3
21,15,1,Clint Bowyer,532,-292,21,0,0,5,9,0,0
21,16,-1,Ryan Newman,532,-292,21,0,0,1,8,0,0
21,17,0,Jimmie Johnson,520,-304,21,1,0,3,8,1,1
21,18,0,Daniel Suarez,501,-323,21,1,0,2,7,0,0
21,19,0,Paul Menard,464,-360,21,0,0,0,2,0,0
21,20,0,"Ricky Stenhouse, Jr.",444,-380,21,0,0,1,2,0,0
21,21,0,Chris Buescher,439,-385,21,0,0,0,4,0,0
21,22,0,Austin Dillon,404,-420,21,3,0,0,3,2,2
21,23,0,Ty Dillon,350,-474,21,0,0,1,2,2,2
21,24,0,Matt DiBenedetto,349,-475,21,0,0,2,3,0,0
21,25,0,Daniel Hemric,339,-485,21,0,0,1,2,0,0
21,26,0,Ryan Preece,268,-556,21,0,0,1,2,0,0
21,27,0,Michael McDowell,266,-558,21,0,0,1,1,0,0
21,28,0,Bubba Wallace,262,-562,21,0,0,0,0,0,0
21,29,0,Corey LaJoie,247,-577,21,0,0,0,1,0,0
21,30,0,David Ragan,220,-604,21,0,0,0,0,0,0
21,31,0,Matt Tifft,218,-606,21,0,0,0,1,0,0
21,32,0,Reed Sorenson,66,-758,12,0,0,0,0,0,0
21,33,0,Quin Houff,58,-766,13,0,0,0,0,0,0
21,34,0,JJ Yeley,29,-795,3,0,0,0,0,0,0
21,35,0,Jamie McMurray,19,-805,1,0,0,0,0,0,0
21,36,0,Andy Seuss,9,-815,1,0,0,0,0,0,0
21,37,1,Austin Theriault,5,-819,2,0,0,0,0,0,0
21,38,-1,Stanton Barrett,2,-822,1,0,0,0,0,0,0
21,39,0,Casey Mears,1,-823,1,0,0,0,0,0,0
21,40,0,Justin Haley,0,-824,3,0,1,1,1,0,0
21,41,0,Brendan Gaughan,0,-824,3,0,0,0,1,0,0
21,42,0,Tyler Reddick,0,-824,2,0,0,0,1,0,0
21,43,0,Ross Chastain,0,-824,20,0,0,0,1,0,0
21,44,0,Landon Cassill,0,-824,21,0,0,0,0,0,0
21,45,0,Parker Kligerman,0,-824,8,0,0,0,0,0,0
21,46,0,BJ McLeod,0,-824,11,0,0,0,0,0,0
21,47,0,Jeffrey Earnhardt,0,-824,1,0,0,0,0,0,0
21,48,0,Bayley Currey,0,-824,9,0,0,0,0,0,0
21,49,0,Joey Gase,0,-824,6,0,0,0,0,0,0
21,50,0,Cody Ware,0,-824,11,0,0,0,0,0,0
21,51,0,Garrett Smithley,0,-824,4,0,0,0,0,0,0
21,52,0,Jeb Burton,0,-824,2,0,0,0,0,0,0
21,53,0,DJ Kennington,0,-824,1,0,0,0,0,0,0
21,54,0,Josh Bilicki,0,-824,3,0,0,0,0,0,0
21,55,0,Timmy Hill,0,-824,3,0,0,0,0,0,0
21,56,0,Gray Gaulding,0,-824,1,0,0,0,0,0,0
21,57,0,Kyle Weatherman,0,-824,1,0,0,0,0,0,0
21,58,0,Ryan Truex,0,-824,0,0,0,0,0,0,0
22,1,1,Kyle Busch,851,0,22,0,4,11,18,8,28
22,2,-1,Joey Logano,838,-13,22,3,2,9,14,7,17
22,3,0,Kevin Harvick,777,-74,22,4,1,6,14,4,9
22,4,0,Denny Hamlin,771,-80,22,0,3,11,14,3,18
22,5,0,"Martin Truex, Jr.",753,-98,22,0,4,9,14,2,22
22,6,0,Brad Keselowski,728,-123,22,1,3,7,12,4,19
22,7,0,Kurt Busch,679,-172,22,0,1,5,12,1,6
22,8,0,Chase Elliott,676,-175,22,3,2,7,8,4,14
22,9,0,Aric Almirola,640,-211,22,1,0,1,10,1,1
22,10,0,Ryan Blaney,633,-218,22,1,0,7,10,2,2
22,11,0,Alex Bowman,623,-228,22,0,1,4,6,0,5
22,12,0,William Byron,604,-247,22,3,0,2,7,1,1
22,13,0,Erik Jones,598,-253,22,0,0,8,12,0,0
22,14,0,Kyle Larson,590,-261,22,1,0,4,9,3,3
22,15,0,Clint Bowyer,556,-295,22,0,0,5,9,0,0
22,16,1,Jimmie Johnson,544,-307,22,1,0,3,8,1,1
22,17,-1,Ryan Newman,544,-307,22,0,0,1,8,0,0
22,18,0,Daniel Suarez,521,-330,22,1,0,2,7,0,0
22,19,0,Paul Menard,483,-368,22,0,0,0,2,0,0
22,20,0,"Ricky Stenhouse, Jr.",466,-385,22,0,0,1,2,0,0
22,21,0,Chris Buescher,463,-388,22,0,0,0,4,0,0
22,22,0,Austin Dillon,410,-441,22,3,0,0,3,2,2
22,23,1,Matt DiBenedetto,380,-471,22,0,0,2,4,0,0
22,24,-1,Ty Dillon,357,-494,22,0,0,1,2,2,2
22,25,0,Daniel Hemric,341,-510,22,0,0,1,2,0,0
22,26,1,Michael McDowell,287,-564,22,0,0,1,1,0,0
22,27,1,Bubba Wallace,271,-580,22,0,0,0,0,0,0
22,28,-2,Ryan Preece,269,-582,22,0,0,1,2,0,0
22,29,0,Corey LaJoie,250,-601,22,0,0,0,1,0,0
22,30,0,David Ragan,235,-616,22,0,0,0,0,0,0
22,31,0,Matt Tifft,231,-620,22,0,0,0,1,0,0
22,32,0,Reed Sorenson,67,-784,13,0,0,0,0,0,0
22,33,0,Quin Houff,58,-793,13,0,0,0,0,0,0
22,34,0,JJ Yeley,29,-822,3,0,0,0,0,0,0
22,35,0,Jamie McMurray,19,-832,1,0,0,0,0,0,0
22,36,0,Andy Seuss,9,-842,1,0,0,0,0,0,0
22,37,0,Austin Theriault,5,-846,2,0,0,0,0,0,0
22,38,0,Stanton Barrett,2,-849,1,0,0,0,0,0,0
22,39,0,Casey Mears,1,-850,1,0,0,0,0,0,0
22,40,0,Justin Haley,0,-851,3,0,1,1,1,0,0
22,41,0,Brendan Gaughan,0,-851,3,0,0,0,1,0,0
22,42,0,Tyler Reddick,0,-851,2,0,0,0,1,0,0
22,43,0,Ross Chastain,0,-851,21,0,0,0,1,0,0
22,44,0,Landon Cassill,0,-851,22,0,0,0,0,0,0
22,45,0,Parker Kligerman,0,-851,9,0,0,0,0,0,0
22,46,0,BJ McLeod,0,-851,11,0,0,0,0,0,0
22,47,0,Jeffrey Earnhardt,0,-851,1,0,0,0,0,0,0
22,48,0,Bayley Currey,0,-851,9,0,0,0,0,0,0
22,49,0,Joey Gase,0,-851,6,0,0,0,0,0,0
22,50,0,Cody Ware,0,-851,12,0,0,0,0,0,0
22,51,0,Garrett Smithley,0,-851,4,0,0,0,0,0,0
22,52,0,Jeb Burton,0,-851,2,0,0,0,0,0,0
22,53,1,Josh Bilicki,0,-851,4,0,0,0,0,0,0
22,54,-1,DJ Kennington,0,-851,1,0,0,0,0,0,0
22,55,0,Timmy Hill,0,-851,3,0,0,0,0,0,0
22,56,0,Gray Gaulding,0,-851,1,0,0,0,0,0,0
22,57,0,Kyle Weatherman,0,-851,1,0,0,0,0,0,0
22,58,0,Ryan Truex,0,-851,0,0,0,0,0,0,0
23,1,0,Kyle Busch,892,0,23,0,4,11,19,9,29
23,2,0,Joey Logano,872,-20,23,3,2,9,14,7,17
23,3,0,Kevin Harvick,822,-70,23,4,2,7,15,4,14
23,4,0,Denny Hamlin,815,-77,23,0,3,12,15,3,18
23,5,0,"Martin Truex, Jr.",805,-87,23,0,4,10,15,3,23
23,6,0,Brad Keselowski,754,-138,23,2,3,7,12,4,19
23,7,1,Chase Elliott,711,-181,23,3,2,7,9,4,14
23,8,-1,Kurt Busch,701,-191,23,0,1,5,12,1,6
23,9,1,Ryan Blaney,654,-238,23,1,0,7,10,2,2
23,10,1,Alex Bowman,653,-239,23,0,1,4,7,0,5
23,11,-2,Aric Almirola,645,-247,23,1,0,1,10,1,1
23,12,0,William Byron,642,-250,23,3,0,2,8,1,1
23,13,1,Kyle Larson,624,-268,23,1,0,5,10,3,3
23,14,-1,Erik Jones,623,-269,23,0,0,8,12,0,0
23,15,2,Ryan Newman,569,-323,23,0,0,1,8,0,0
23,16,-1,Clint Bowyer,559,-333,23,0,0,5,9,0,0
23,17,1,Daniel Suarez,553,-339,23,1,0,3,8,0,0
23,18,-2,Jimmie Johnson,547,-345,23,1,0,3,8,1,1
23,19,0,Paul Menard,506,-386,23,0,0,0,2,0,0
23,20,1,Chris Buescher,486,-406,23,0,0,0,4,0,0
23,21,-1,"Ricky Stenhouse, Jr.",475,-417,23,0,0,1,2,0,0
23,22,0,Austin Dillon,434,-458,23,3,0,0,3,2,2
23,23,0,Matt DiBenedetto,397,-495,23,0,0,2,4,0,0
23,24,0,Ty Dillon,383,-509,23,0,0,1,2,2,2
23,25,0,Daniel Hemric,352,-540,23,0,0,1,2,0,0
23,26,0,Michael McDowell,302,-590,23,0,0,1,1,0,0
23,27,1,Ryan Preece,299,-593,23,0,0,1,3,0,0
23,28,-1,Bubba Wallace,281,-611,23,0,0,0,0,0,0
23,29,0,Corey LaJoie,266,-626,23,0,0,0,1,0,0
23,30,0,David Ragan,256,-636,23,0,0,0,0,0,0
23,31,0,Matt Tifft,243,-649,23,0,0,0,1,0,0
23,32,0,Reed Sorenson,67,-825,13,0,0,0,0,0,0
23,33,0,Quin Houff,64,-828,14,0,0,0,0,0,0
23,34,0,JJ Yeley,29,-863,3,0,0,0,0,0,0
23,35,0,Jamie McMurray,19,-873,1,0,0,0,0,0,0
23,36,1,Austin Theriault,10,-882,3,0,0,0,0,0,0
23,37,-1,Andy Seuss,9,-883,1,0,0,0,0,0,0
23,38,0,Stanton Barrett,2,-890,1,0,0,0,0,0,0
23,39,0,Casey Mears,1,-891,1,0,0,0,0,0,0
23,40,0,Justin Haley,0,-892,3,0,1,1,1,0,0
23,41,0,Brendan Gaughan,0,-892,3,0,0,0,1,0,0
23,42,0,Tyler Reddick,0,-892,2,0,0,0,1,0,0
23,43,0,Ross Chastain,0,-892,22,0,0,0,1,0,0
23,44,0,Landon Cassill,0,-892,23,0,0,0,0,0,0
23,45,0,Parker Kligerman,0,-892,9,0,0,0,0,0,0
23,46,0,BJ McLeod,0,-892,11,0,0,0,0,0,0
23,47,0,Jeffrey Earnhardt,0,-892,1,0,0,0,0,0,0
23,48,0,Bayley Currey,0,-892,9,0,0,0,0,0,0
23,49,0,Joey Gase,0,-892,7,0,0,0,0,0,0
23,50,0,Cody Ware,0,-892,13,0,0,0,0,0,0
23,51,0,Garrett Smithley,0,-892,5,0,0,0,0,0,0
23,52,0,Jeb Burton,0,-892,2,0,0,0,0,0,0
23,53,0,Josh Bilicki,0,-892,4,0,0,0,0,0,0
23,54,0,DJ Kennington,0,-892,1,0,0,0,0,0,0
23,55,0,Timmy Hill,0,-892,3,0,0,0,0,0,0
23,56,0,Gray Gaulding,0,-892,1,0,0,0,0,0,0
23,57,0,Kyle Weatherman,0,-892,1,0,0,0,0,0,0
23,58,0,Spencer Boyd,0,-892,1,0,0,0,0,0,0
23,59,-1,Ryan Truex,0,-892,1,0,0,0,0,0,0
24,1,0,Kyle Busch,932,0,24,0,4,12,20,9,29
24,2,0,Joey Logano,893,-39,24,3,2,9,14,7,17
24,3,1,Denny Hamlin,855,-77,24,1,4,13,16,3,23
24,4,1,"Martin Truex, Jr.",838,-94,24,0,4,10,15,3,23
24,5,-2,Kevin Harvick,830,-102,24,4,2,7,15,4,14
24,6,0,Brad Keselowski,794,-138,24,2,3,8,13,4,19
24,7,0,Chase Elliott,757,-175,24,3,2,8,10,4,14
24,8,0,Kurt Busch,741,-191,24,0,1,5,13,2,7
24,9,0,Ryan Blaney,686,-246,24,1,0,7,11,2,2
24,10,0,Alex Bowman,675,-257,24,0,1,4,7,0,5
24,11,2,Kyle Larson,665,-267,24,1,0,5,11,4,4
24,12,0,William Byron,664,-268,24,3,0,2,8,1,1
24,13,-2,Aric Almirola,654,-278,24,1,0,1,10,1,1
24,14,0,Erik Jones,646,-286,24,0,0,8,12,0,0
24,15,0,Ryan Newman,603,-329,24,0,0,1,8,0,0
24,16,1,Daniel Suarez,591,-341,24,1,0,3,9,0,0
24,17,-1,Clint Bowyer,589,-343,24,0,0,5,10,0,0
24,18,0,Jimmie Johnson,565,-367,24,1,0,3,8,1,1
24,19,0,Paul Menard,520,-412,24,0,0,0,2,0,0
24,20,0,Chris Buescher,506,-426,24,0,0,0,4,0,0
24,21,0,"Ricky Stenhouse, Jr.",479,-453,24,0,0,1,2,0,0
24,22,1,Matt DiBenedetto,438,-494,24,0,0,3,5,0,0
24,23,-1,Austin Dillon,427,-505,24,3,0,0,3,2,2
24,24,0,Ty Dillon,400,-532,24,0,0,1,2,2,2
24,25,0,Daniel Hemric,369,-563,24,0,0,1,2,0,0
24,26,1,Ryan Preece,318,-614,24,0,0,1,3,0,0
24,27,1,Bubba Wallace,304,-628,24,0,0,0,0,0,0
24,28,-2,Michael McDowell,303,-629,24,0,0,1,1,0,0
24,29,0,Corey LaJoie,279,-653,24,0,0,0,1,0,0
24,30,0,David Ragan,257,-675,24,0,0,0,0,0,0
24,31,0,Matt Tifft,253,-679,24,0,0,0,1,0,0
24,32,1,Quin Houff,71,-861,15,0,0,0,0,0,0
24,33,-1,Reed Sorenson,68,-864,14,0,0,0,0,0,0
24,34,0,JJ Yeley,38,-894,4,0,0,0,0,0,0
24,35,0,Jamie McMurray,19,-913,1,0,0,0,0,0,0
24,36,0,Austin Theriault,10,-922,3,0,0,0,0,0,0
24,37,0,Andy Seuss,9,-923,1,0,0,0,0,0,0
24,38,0,Stanton Barrett,2,-930,1,0,0,0,0,0,0
24,39,0,Casey Mears,1,-931,1,0,0,0,0,0,0
24,40,0,Justin Haley,0,-932,3,0,1,1,1,0,0
24,41,0,Brendan Gaughan,0,-932,3,0,0,0,1,0,0
24,42,0,Tyler Reddick,0,-932,2,0,0,0,1,0,0
24,43,0,Ross Chastain,0,-932,23,0,0,0,1,0,0
24,44,0,Landon Cassill,0,-932,24,0,0,0,0,0,0
24,45,0,Parker Kligerman,0,-932,9,0,0,0,0,0,0
24,46,0,BJ McLeod,0,-932,12,0,0,0,0,0,0
24,47,0,Jeffrey Earnhardt,0,-932,1,0,0,0,0,0,0
24,48,0,Bayley Currey,0,-932,9,0,0,0,0,0,0
24,49,0,Joey Gase,0,-932,7,0,0,0,0,0,0
24,50,0,Cody Ware,0,-932,13,0,0,0,0,0,0
24,51,0,Garrett Smithley,0,-932,5,0,0,0,0,0,0
24,52,0,Jeb Burton,0,-932,2,0,0,0,0,0,0
24,53,4,Kyle Weatherman,0,-932,2,0,0,0,0,0,0
24,54,-1,Josh Bilicki,0,-932,5,0,0,0,0,0,0
24,55,-1,DJ Kennington,0,-932,1,0,0,0,0,0,0
24,56,-1,Timmy Hill,0,-932,3,0,0,0,0,0,0
24,57,-1,Gray Gaulding,0,-932,1,0,0,0,0,0,0
24,58,0,Spencer Boyd,0,-932,1,0,0,0,0,0,0
24,59,0,Ryan Truex,0,-932,1,0,0,0,0,0,0
25,1,0,Kyle Busch,983,0,25,0,4,13,21,10,30
25,2,0,Joey Logano,919,-64,25,3,2,9,14,7,17
25,3,0,Denny Hamlin,877,-106,25,1,4,13,16,3,23
25,4,1,Kevin Harvick,864,-119,25,4,2,8,16,4,14
25,5,-1,"Martin Truex, Jr.",862,-121,25,0,4,10,15,3,23
25,6,0,Brad Keselowski,832,-151,25,2,3,9,14,4,19
25,7,1,Kurt Busch,790,-193,25,0,1,5,14,3,8
25,8,-1,Chase Elliott,780,-203,25,3,2,8,10,4,14
25,9,2,Kyle Larson,714,-269,25,1,0,6,12,4,4
25,10,-1,Ryan Blaney,710,-273,25,1,0,7,11,2,2
25,11,-1,Alex Bowman,694,-289,25,0,1,4,7,0,5
25,12,2,Erik Jones,694,-289,25,0,1,9,13,0,5
25,13,-1,William Byron,683,-300,25,4,0,2,8,1,1
25,14,-1,Aric Almirola,674,-309,25,1,0,1,10,1,1
25,15,2,Clint Bowyer,625,-358,25,0,0,5,11,0,0
25,16,0,Daniel Suarez,617,-366,25,1,0,3,9,0,0
25,17,-2,Ryan Newman,617,-366,25,0,0,1,8,0,0
25,18,0,Jimmie Johnson,599,-384,25,1,0,3,8,1,1
25,19,0,Paul Menard,548,-435,25,0,0,0,3,0,0
25,20,0,Chris Buescher,531,-452,25,0,0,0,4,0,0
25,21,0,"Ricky Stenhouse, Jr.",483,-500,25,0,0,1,2,0,0
25,22,0,Matt DiBenedetto,467,-516,25,0,0,3,6,0,0
25,23,0,Austin Dillon,454,-529,25,3,0,0,4,2,2
25,24,0,Ty Dillon,417,-566,25,0,0,1,2,2,2
25,25,0,Daniel Hemric,370,-613,25,0,0,1,2,0,0
25,26,0,Ryan Preece,333,-650,25,0,0,1,3,0,0
25,27,0,Bubba Wallace,317,-666,25,0,0,0,0,0,0
25,28,0,Michael McDowell,304,-679,25,0,0,1,1,0,0
25,29,0,Corey LaJoie,280,-703,25,0,0,0,1,0,0
25,30,0,David Ragan,268,-715,25,0,0,0,0,0,0
25,31,0,Matt Tifft,263,-720,25,0,0,0,1,0,0
25,32,1,Reed Sorenson,75,-908,15,0,0,0,0,0,0
25,33,-1,Quin Houff,71,-912,15,0,0,0,0,0,0
25,34,1,Jamie McMurray,19,-964,1,0,0,0,0,0,0
25,35,1,Austin Theriault,10,-973,3,0,0,0,0,0,0
25,36,1,Andy Seuss,9,-974,1,0,0,0,0,0,0
25,37,1,Stanton Barrett,2,-981,1,0,0,0,0,0,0
25,38,1,Casey Mears,1,-982,1,0,0,0,0,0,0
25,39,1,Justin Haley,0,-983,3,0,1,1,1,0,0
25,40,1,Brendan Gaughan,0,-983,3,0,0,0,1,0,0
25,41,1,Tyler Reddick,0,-983,2,0,0,0,1,0,0
25,42,1,Ross Chastain,0,-983,24,0,0,0,1,0,0
25,43,1,Landon Cassill,0,-983,25,0,0,0,0,0,0
25,44,-10,JJ Yeley,0,-983,5,0,0,0,0,0,0
25,45,0,Parker Kligerman,0,-983,9,0,0,0,0,0,0
25,46,0,BJ McLeod,0,-983,13,0,0,0,0,0,0
25,47,0,Jeffrey Earnhardt,0,-983,1,0,0,0,0,0,0
25,48,0,Bayley Currey,0,-983,9,0,0,0,0,0,0
25,49,0,Joey Gase,0,-983,7,0,0,0,0,0,0
25,50,0,Cody Ware,0,-983,13,0,0,0,0,0,0
25,51,0,Garrett Smithley,0,-983,6,0,0,0,0,0,0
25,52,0,Jeb Burton,0,-983,2,0,0,0,0,0,0
25,53,0,Kyle Weatherman,0,-983,2,0,0,0,0,0,0
25,54,0,Joe Nemechek,0,-983,1,0,0,0,0,0,0
25,55,-1,Josh Bilicki,0,-983,5,0,0,0,0,0,0
25,56,-1,DJ Kennington,0,-983,1,0,0,0,0,0,0
25,57,-1,Timmy Hill,0,-983,3,0,0,0,0,0,0
25,58,-1,Gray Gaulding,0,-983,1,0,0,0,0,0,0
25,59,-1,Spencer Boyd,0,-983,1,0,0,0,0,0,0
25,60,-1,Ryan Truex,0,-983,0,0,0,0,0,0,0
26,1,0,Kyle Busch,988,0,26,0,4,13,21,10,30
26,2,0,Joey Logano,971,-17,26,3,2,10,15,8,18
26,3,1,Kevin Harvick,922,-66,26,5,3,9,17,5,20
26,4,-1,Denny Hamlin,911,-77,26,1,4,13,17,3,23
26,5,0,"Martin Truex, Jr.",872,-116,26,0,4,10,15,3,23
26,6,0,Brad Keselowski,833,-155,26,2,3,9,14,4,19
26,7,1,Chase Elliott,808,-180,26,3,2,8,11,4,14
26,8,-1,Kurt Busch,801,-187,26,0,1,5,14,3,8
26,9,1,Ryan Blaney,755,-233,26,1,0,7,12,2,2
26,10,-1,Kyle Larson,736,-252,26,1,0,6,12,4,4
26,11,2,William Byron,718,-270,26,4,0,3,9,1,1
26,12,-1,Alex Bowman,712,-276,26,0,1,4,7,0,5
26,13,1,Aric Almirola,698,-290,26,1,0,1,10,1,1
26,14,-2,Erik Jones,695,-293,26,0,1,9,13,0,5
26,15,0,Clint Bowyer,663,-325,26,0,0,6,12,0,0
26,16,1,Ryan Newman,652,-336,26,0,0,1,9,0,0
26,17,-1,Daniel Suarez,648,-340,26,1,0,3,9,0,0
26,18,0,Jimmie Johnson,609,-379,26,1,0,3,8,1,1
26,19,0,Paul Menard,575,-413,26,0,0,0,4,0,0
26,20,0,Chris Buescher,554,-434,26,0,0,0,4,0,0
26,21,0,"Ricky Stenhouse, Jr.",489,-499,26,0,0,1,2,0,0
26,22,0,Matt DiBenedetto,486,-502,26,0,0,3,6,0,0
26,23,0,Austin Dillon,479,-509,26,3,0,0,4,2,2
26,24,0,Ty Dillon,441,-547,26,0,0,1,2,2,2
26,25,0,Daniel Hemric,373,-615,26,0,0,1,2,0,0
26,26,0,Ryan Preece,354,-634,26,0,0,1,3,0,0
26,27,0,Bubba Wallace,351,-637,26,0,0,1,1,0,0
26,28,0,Michael McDowell,324,-664,26,0,0,1,1,0,0
26,29,0,Corey LaJoie,298,-690,26,0,0,0,1,0,0
26,30,0,David Ragan,285,-703,26,0,0,0,0,0,0
26,31,0,Matt Tifft,268,-720,26,0,0,0,1,0,0
26,32,0,Reed Sorenson,89,-899,16,0,0,0,0,0,0
26,33,0,Quin Houff,71,-917,15,0,0,0,0,0,0
26,34,0,Jamie McMurray,19,-969,1,0,0,0,0,0,0
26,35,0,Austin Theriault,10,-978,3,0,0,0,0,0,0
26,36,0,Andy Seuss,9,-979,1,0,0,0,0,0,0
26,37,0,Stanton Barrett,2,-986,1,0,0,0,0,0,0
26,38,0,Casey Mears,1,-987,1,0,0,0,0,0,0
26,39,0,Justin Haley,0,-988,3,0,1,1,1,0,0
26,40,0,Brendan Gaughan,0,-988,3,0,0,0,1,0,0
26,41,0,Tyler Reddick,0,-988,2,0,0,0,1,0,0
26,42,0,Ross Chastain,0,-988,25,0,0,0,1,0,0
26,43,0,Landon Cassill,0,-988,26,0,0,0,0,0,0
26,44,0,JJ Yeley,0,-988,6,0,0,0,0,0,0
26,45,0,Parker Kligerman,0,-988,10,0,0,0,0,0,0
26,46,0,BJ McLeod,0,-988,14,0,0,0,0,0,0
26,47,0,Jeffrey Earnhardt,0,-988,1,0,0,0,0,0,0
26,48,0,Ryan Sieg,0,-988,1,0,0,0,0,0,0
26,49,-1,Bayley Currey,0,-988,9,0,0,0,0,0,0
26,50,-1,Joey Gase,0,-988,8,0,0,0,0,0,0
26,51,0,Garrett Smithley,0,-988,7,0,0,0,0,0,0
26,52,-2,Cody Ware,0,-988,13,0,0,0,0,0,0
26,53,2,Josh Bilicki,0,-988,6,0,0,0,0,0,0
26,54,-2,Jeb Burton,0,-988,2,0,0,0,0,0,0
26,55,-2,Kyle Weatherman,0,-988,2,0,0,0,0,0,0
26,56,-2,Joe Nemechek,0,-988,1,0,0,0,0,0,0
26,57,-1,DJ Kennington,0,-988,1,0,0,0,0,0,0
26,58,-1,Timmy Hill,0,-988,3,0,0,0,0,0,0
26,59,-1,Gray Gaulding,0,-988,1,0,0,0,0,0,0
26,60,-1,Spencer Boyd,0,-988,1,0,0,0,0,0,0
26,61,-1,Ryan Truex,0,-988,1,0,0,0,0,0,0
27,1,2,"Martin Truex, Jr.",2082,0,27,0,5,11,16,4,35
27,2,2,Kevin Harvick,2079,-3,27,5,3,10,18,5,28
27,3,2,Joey Logano,2075,-7,27,3,2,10,16,9,29
27,4,-3,Kyle Busch,2063,-19,27,0,4,13,21,10,45
27,5,1,Brad Keselowski,2058,-24,27,2,3,10,15,4,24
27,6,1,Chase Elliott,2057,-25,27,3,2,9,12,4,18
27,7,-5,Denny Hamlin,2056,-26,27,1,4,13,17,3,30
27,8,3,Kyle Larson,2044,-38,27,1,0,6,13,4,5
27,9,4,William Byron,2040,-42,27,4,0,3,10,1,1
27,10,2,Ryan Blaney,2039,-43,27,1,0,8,13,2,4
27,11,-2,Alex Bowman,2037,-45,27,0,1,4,8,0,5
27,12,2,Aric Almirola,2033,-49,27,1,0,1,10,1,1
27,13,3,Ryan Newman,2027,-55,27,0,0,1,10,0,0
27,14,-6,Kurt Busch,2019,-63,27,0,1,5,14,3,11
27,15,0,Clint Bowyer,2012,-70,27,1,0,6,12,0,0
27,16,-6,Erik Jones,2007,-75,27,0,1,9,13,0,5
27,17,0,Daniel Suarez,672,-1410,27,1,0,3,9,0,0
27,18,0,Jimmie Johnson,635,-1447,27,1,0,3,8,1,0
27,19,0,Paul Menard,598,-1484,27,0,0,0,4,0,0
27,20,0,Chris Buescher,573,-1509,27,0,0,0,4,0,0
27,21,2,Austin Dillon,510,-1572,27,3,0,0,4,2,0
27,22,0,Matt DiBenedetto,502,-1580,27,0,0,3,6,0,0
27,23,-2,"Ricky Stenhouse, Jr.",500,-1582,27,0,0,1,2,0,0
27,24,0,Ty Dillon,462,-1620,27,0,0,1,2,2,0
27,25,0,Daniel Hemric,393,-1689,27,0,0,1,2,0,0
27,26,1,Bubba Wallace,365,-1717,27,0,0,1,1,0,0
27,27,-1,Ryan Preece,364,-1718,27,0,0,1,3,0,0
27,28,0,Michael McDowell,337,-1745,27,0,0,1,1,0,0
27,29,0,Corey LaJoie,307,-1775,27,0,0,0,1,0,0
27,30,0,David Ragan,300,-1782,27,0,0,0,0,0,0
27,31,0,Matt Tifft,275,-1807,27,0,0,0,1,0,0
27,32,0,Reed Sorenson,90,-1992,17,0,0,0,0,0,0
27,33,0,Quin Houff,71,-2011,15,0,0,0,0,0,0
27,34,0,Jamie McMurray,19,-2063,1,0,0,0,0,0,0
27,35,0,Austin Theriault,10,-2072,3,0,0,0,0,0,0
27,36,0,Andy Seuss,9,-2073,1,0,0,0,0,0,0
27,37,0,Stanton Barrett,2,-2080,1,0,0,0,0,0,0
27,38,0,Casey Mears,1,-2081,1,0,0,0,0,0,0
27,39,0,Justin Haley,0,-2082,3,0,1,1,1,0,0
27,40,0,Brendan Gaughan,0,-2082,3,0,0,0,1,0,0
27,41,0,Tyler Reddick,0,-2082,2,0,0,0,1,0,0
27,42,0,Ross Chastain,0,-2082,26,0,0,0,1,0,0
27,43,0,Landon Cassill,0,-2082,27,0,0,0,0,0,0
27,44,0,JJ Yeley,0,-2082,7,0,0,0,0,0,0
27,45,0,Parker Kligerman,0,-2082,10,0,0,0,0,0,0
27,46,0,BJ McLeod,0,-2082,15,0,0,0,0,0,0
27,47,0,Jeffrey Earnhardt,0,-2082,1,0,0,0,0,0,0
27,48,0,Ryan Sieg,0,-2082,1,0,0,0,0,0,0
27,49,0,Bayley Currey,0,-2082,9,0,0,0,0,0,0
27,50,0,Joey Gase,0,-2082,9,0,0,0,0,0,0
27,51,0,Garrett Smithley,0,-2082,8,0,0,0,0,0,0
27,52,0,Cody Ware,0,-2082,13,0,0,0,0,0,0
27,53,0,Josh Bilicki,0,-2082,6,0,0,0,0,0,0
27,54,2,Joe Nemechek,0,-2082,2,0,0,0,0,0,0
27,55,-1,Jeb Burton,0,-2082,2,0,0,0,0,0,0
27,56,-1,Kyle Weatherman,0,-2082,2,0,0,0,0,0,0
27,57,0,DJ Kennington,0,-2082,1,0,0,0,0,0,0
27,58,0,Timmy Hill,0,-2082,3,0,0,0,0,0,0
27,59,0,Gray Gaulding,0,-2082,1,0,0,0,0,0,0
27,60,0,Spencer Boyd,0,-2082,1,0,0,0,0,0,0
27,61,0,Ryan Truex,0,-2082,1,0,0,0,0,0,0
28,1,0,"Martin Truex, Jr.",2141,0,28,0,6,12,17,5,41
28,2,0,Kevin Harvick,2120,-21,28,5,3,10,19,5,28
28,3,1,Kyle Busch,2117,-24,28,0,4,14,22,11,46
28,4,1,Brad Keselowski,2106,-35,28,3,3,11,16,4,24
28,5,2,Denny Hamlin,2105,-36,28,1,4,14,18,3,30
28,6,-3,Joey Logano,2101,-40,28,3,2,10,16,9,29
28,7,-1,Chase Elliott,2088,-53,28,3,2,9,12,4,18
28,8,0,Kyle Larson,2076,-65,28,1,0,6,14,4,5
28,9,4,Ryan Newman,2065,-76,28,0,0,2,11,0,0
28,10,0,Ryan Blaney,2059,-82,28,1,0,8,13,2,4
28,11,1,Aric Almirola,2054,-87,28,1,0,1,10,1,1
28,12,-3,William Byron,2053,-88,28,4,0,3,10,1,1
28,13,-2,Alex Bowman,2051,-90,28,0,1,4,8,0,5
28,14,1,Clint Bowyer,2049,-92,28,1,0,6,13,0,0
28,15,-1,Kurt Busch,2039,-102,28,0,1,5,14,3,11
28,16,0,Erik Jones,2008,-133,28,0,1,9,13,0,5
28,17,0,Daniel Suarez,700,-1441,28,1,0,3,10,0,0
28,18,0,Jimmie Johnson,666,-1475,28,1,0,3,9,1,0
28,19,0,Paul Menard,608,-1533,28,0,0,0,4,0,0
28,20,0,Chris Buescher,579,-1562,28,0,0,0,4,0,0
28,21,1,Matt DiBenedetto,529,-1612,28,0,0,3,6,0,0
28,22,-1,Austin Dillon,525,-1616,28,3,0,0,4,2,0
28,23,0,"Ricky Stenhouse, Jr.",522,-1619,28,0,0,1,2,0,0
28,24,0,Ty Dillon,473,-1668,28,0,0,1,2,2,0
28,25,0,Daniel Hemric,405,-1736,28,0,0,1,2,0,0
28,26,0,Bubba Wallace,390,-1751,28,0,0,1,1,0,0
28,27,0,Ryan Preece,371,-1770,28,0,0,1,3,0,0
28,28,0,Michael McDowell,353,-1788,28,0,0,1,1,0,0
28,29,1,David Ragan,318,-1823,28,0,0,0,0,0,0
28,30,-1,Corey LaJoie,315,-1826,28,0,0,0,1,0,0
28,31,0,Matt Tifft,292,-1849,28,0,0,0,1,0,0
28,32,0,Reed Sorenson,91,-2050,18,0,0,0,0,0,0
28,33,0,Quin Houff,73,-2068,16,0,0,0,0,0,0
28,34,0,Jamie McMurray,19,-2122,1,0,0,0,0,0,0
28,35,0,Austin Theriault,15,-2126,4,0,0,0,0,0,0
28,36,0,Andy Seuss,9,-2132,1,0,0,0,0,0,0
28,37,0,Stanton Barrett,2,-2139,1,0,0,0,0,0,0
28,38,0,Casey Mears,1,-2140,1,0,0,0,0,0,0
28,39,0,Justin Haley,0,-2141,3,0,1,1,1,0,0
28,40,0,Brendan Gaughan,0,-2141,3,0,0,0,1,0,0
28,41,0,Tyler Reddick,0,-2141,2,0,0,0,1,0,0
28,42,0,Ross Chastain,0,-2141,27,0,0,0,1,0,0
28,43,0,Landon Cassill,0,-2141,28,0,0,0,0,0,0
28,44,0,JJ Yeley,0,-2141,8,0,0,0,0,0,0
28,45,0,Parker Kligerman,0,-2141,10,0,0,0,0,0,0
28,46,0,BJ McLeod,0,-2141,15,0,0,0,0,0,0
28,47,0,Jeffrey Earnhardt,0,-2141,1,0,0,0,0,0,0
28,48,0,Ryan Sieg,0,-2141,1,0,0,0,0,0,0
28,49,0,Bayley Currey,0,-2141,9,0,0,0,0,0,0
28,50,0,Joey Gase,0,-2141,8,0,0,0,0,0,0
28,51,0,Garrett Smithley,0,-2141,8,0,0,0,0,0,0
28,52,0,Cody Ware,0,-2141,13,0,0,0,0,0,0
28,53,0,Josh Bilicki,0,-2141,6,0,0,0,0,0,0
28,54,0,Joe Nemechek,0,-2141,2,0,0,0,0,0,0
28,55,0,Jeb Burton,0,-2141,2,0,0,0,0,0,0
28,56,0,Kyle Weatherman,0,-2141,2,0,0,0,0,0,0
28,57,0,DJ Kennington,0,-2141,1,0,0,0,0,0,0
28,58,2,Spencer Boyd,0,-2141,2,0,0,0,0,0,0
28,59,-1,Timmy Hill,0,-2141,3,0,0,0,0,0,0
28,60,-1,Gray Gaulding,0,-2141,1,0,0,0,0,0,0
28,61,0,Ryan Truex,0,-2141,0,0,0,0,0,0,0
29,1,0,"Martin Truex, Jr.",2175,0,29,0,6,12,18,5,41
29,2,0,Kevin Harvick,2163,-12,29,5,3,11,20,5,28
29,3,1,Brad Keselowski,2152,-23,29,3,3,12,17,4,24
29,4,3,Chase Elliott,2140,-35,29,3,3,10,13,5,24
29,5,1,Joey Logano,2135,-40,29,3,2,10,17,9,29
29,6,-1,Denny Hamlin,2123,-52,29,1,4,14,18,3,30
29,7,-4,Kyle Busch,2118,-57,29,0,4,14,22,11,46
29,8,0,Kyle Larson,2110,-65,29,1,0,6,14,5,6
29,9,5,Clint Bowyer,2098,-77,29,1,0,7,14,0,0
29,10,0,Ryan Blaney,2094,-81,29,1,0,8,14,2,4
29,11,1,William Byron,2094,-81,29,5,0,3,11,1,1
29,12,1,Alex Bowman,2086,-89,29,0,1,5,9,0,5
29,13,-2,Aric Almirola,2081,-94,29,1,0,1,10,1,1
29,14,-5,Ryan Newman,2070,-105,29,0,0,2,11,0,0
29,15,0,Kurt Busch,2056,-119,29,0,1,5,14,3,11
29,16,0,Erik Jones,2009,-166,29,0,1,9,13,0,5
29,17,0,Daniel Suarez,707,-1468,29,1,0,3,10,0,0
29,18,0,Jimmie Johnson,701,-1474,29,1,0,3,10,1,0
29,19,0,Paul Menard,631,-1544,29,0,0,0,4,0,0
29,20,0,Chris Buescher,598,-1577,29,0,0,0,4,0,0
29,21,0,Matt DiBenedetto,555,-1620,29,0,0,3,6,0,0
29,22,1,"Ricky Stenhouse, Jr.",542,-1633,29,0,0,1,2,0,0
29,23,-1,Austin Dillon,539,-1636,29,3,0,0,4,2,0
29,24,0,Ty Dillon,495,-1680,29,0,0,1,2,2,0
29,25,0,Daniel Hemric,409,-1766,29,0,0,1,2,0,0
29,26,0,Bubba Wallace,403,-1772,29,0,0,1,1,0,0
29,27,0,Ryan Preece,387,-1788,29,0,0,1,3,0,0
29,28,0,Michael McDowell,383,-1792,29,0,0,1,1,0,0
29,29,1,Corey LaJoie,325,-1850,29,0,0,0,1,0,0
29,30,-1,David Ragan,320,-1855,29,0,0,0,0,0,0
29,31,0,Matt Tifft,304,-1871,29,0,0,0,1,0,0
29,32,0,Reed Sorenson,92,-2083,19,0,0,0,0,0,0
29,33,0,Quin Houff,73,-2102,16,0,0,0,0,0,0
29,34,0,Jamie McMurray,19,-2156,1,0,0,0,0,0,0
29,35,0,Austin Theriault,15,-2160,4,0,0,0,0,0,0
29,36,0,Andy Seuss,9,-2166,1,0,0,0,0,0,0
29,37,0,Stanton Barrett,2,-2173,1,0,0,0,0,0,0
29,38,0,Casey Mears,1,-2174,1,0,0,0,0,0,0
29,39,0,Justin Haley,0,-2175,3,0,1,1,1,0,0
29,40,0,Brendan Gaughan,0,-2175,3,0,0,0,1,0,0
29,41,0,Tyler Reddick,0,-2175,2,0,0,0,1,0,0
29,42,0,Ross Chastain,0,-2175,28,0,0,0,1,0,0
29,43,0,Landon Cassill,0,-2175,29,0,0,0,0,0,0
29,44,0,JJ Yeley,0,-2175,9,0,0,0,0,0,0
29,45,0,Parker Kligerman,0,-2175,11,0,0,0,0,0,0
29,46,0,BJ McLeod,0,-2175,15,0,0,0,0,0,0
29,47,0,Jeffrey Earnhardt,0,-2175,1,0,0,0,0,0,0
29,48,0,Ryan Sieg,0,-2175,1,0,0,0,0,0,0
29,49,0,Bayley Currey,0,-2175,9,0,0,0,0,0,0
29,50,0,Joey Gase,0,-2175,8,0,0,0,0,0,0
29,51,0,Garrett Smithley,0,-2175,9,0,0,0,0,0,0
29,52,0,Cody Ware,0,-2175,13,0,0,0,0,0,0
29,53,0,Josh Bilicki,0,-2175,7,0,0,0,0,0,0
29,54,5,Timmy Hill,0,-2175,4,0,0,0,0,0,0
29,55,-1,Joe Nemechek,0,-2175,3,0,0,0,0,0,0
29,56,-1,Jeb Burton,0,-2175,2,0,0,0,0,0,0
29,57,-1,Kyle Weatherman,0,-2175,2,0,0,0,0,0,0
29,58,-1,DJ Kennington,0,-2175,1,0,0,0,0,0,0
29,59,-1,Spencer Boyd,0,-2175,2,0,0,0,0,0,0
29,60,0,Gray Gaulding,0,-2175,1,0,0,0,0,0,0
29,61,0,Ryan Truex,0,-2175,0,0,0,0,0,0,0
30,1,1,"Martin Truex, Jr.",3095,0,30,0,6,13,19,6,42
30,2,1,Denny Hamlin,3080,-15,30,2,4,15,19,4,31
30,3,-2,Kyle Busch,3080,-15,30,0,4,14,23,11,46
30,4,1,Kevin Harvick,3074,-21,30,5,3,12,21,5,28
30,5,3,Kyle Larson,3063,-32,30,1,1,7,15,5,11
30,6,1,Brad Keselowski,3052,-43,30,3,3,12,17,4,24
30,7,2,Alex Bowman,3049,-46,30,0,1,6,10,0,5
30,8,3,William Byron,3032,-63,30,5,0,3,11,1,1
30,9,-5,Joey Logano,3032,-63,30,3,2,10,17,9,29
30,10,2,Clint Bowyer,3028,-67,30,1,0,7,15,0,0
30,11,-5,Chase Elliott,3025,-70,30,3,3,10,13,5,24
30,12,-2,Ryan Blaney,3010,-85,30,1,0,8,14,2,4
30,13,0,Aric Almirola,2101,-994,30,1,0,1,10,1,1
30,14,0,Ryan Newman,2085,-1010,30,0,0,2,11,0,0
30,15,0,Kurt Busch,2084,-1011,30,0,1,5,15,3,11
30,16,0,Erik Jones,2037,-1058,30,0,1,9,13,0,5
30,17,1,Jimmie Johnson,740,-2355,30,1,0,3,11,1,0
30,18,-1,Daniel Suarez,730,-2365,30,1,0,3,10,0,0
30,19,0,Paul Menard,656,-2439,30,0,0,0,4,0,0
30,20,0,Chris Buescher,599,-2496,30,0,0,0,4,0,0
30,21,0,Matt DiBenedetto,585,-2510,30,0,0,3,7,0,0
30,22,0,"Ricky Stenhouse, Jr.",563,-2532,30,0,0,1,2,0,0
30,23,0,Austin Dillon,558,-2537,30,3,0,0,4,2,0
30,24,0,Ty Dillon,509,-2586,30,0,0,1,2,2,0
30,25,0,Daniel Hemric,425,-2670,30,0,0,1,2,0,0
30,26,0,Bubba Wallace,420,-2675,30,0,0,1,1,0,0
30,27,0,Ryan Preece,405,-2690,30,0,0,1,3,0,0
30,28,0,Michael McDowell,396,-2699,30,0,0,1,1,0,0
30,29,0,Corey LaJoie,334,-2761,30,0,0,0,1,0,0
30,30,0,David Ragan,330,-2765,30,0,0,0,0,0,0
30,31,0,Matt Tifft,316,-2779,30,0,0,0,1,0,0
30,32,0,Reed Sorenson,93,-3002,20,0,0,0,0,0,0
30,33,0,Quin Houff,73,-3022,16,0,0,0,0,0,0
30,34,0,Jamie McMurray,19,-3076,1,0,0,0,0,0,0
30,35,0,Austin Theriault,15,-3080,4,0,0,0,0,0,0
30,36,0,Andy Seuss,9,-3086,1,0,0,0,0,0,0
30,37,0,Stanton Barrett,2,-3093,1,0,0,0,0,0,0
30,38,0,Casey Mears,1,-3094,1,0,0,0,0,0,0
30,39,0,Justin Haley,0,-3095,3,0,1,1,1,0,0
30,40,0,Brendan Gaughan,0,-3095,3,0,0,0,1,0,0
30,41,0,Tyler Reddick,0,-3095,2,0,0,0,1,0,0
30,42,0,Ross Chastain,0,-3095,29,0,0,0,1,0,0
30,43,0,Landon Cassill,0,-3095,30,0,0,0,0,0,0
30,44,0,JJ Yeley,0,-3095,10,0,0,0,0,0,0
30,45,0,Parker Kligerman,0,-3095,11,0,0,0,0,0,0
30,46,0,BJ McLeod,0,-3095,16,0,0,0,0,0,0
30,47,0,Jeffrey Earnhardt,0,-3095,1,0,0,0,0,0,0
30,48,0,Ryan Sieg,0,-3095,1,0,0,0,0,0,0
30,49,0,Bayley Currey,0,-3095,9,0,0,0,0,0,0
30,50,0,Joey Gase,0,-3095,8,0,0,0,0,0,0
30,51,0,Garrett Smithley,0,-3095,10,0,0,0,0,0,0
30,52,0,Cody Ware,0,-3095,13,0,0,0,0,0,0
30,53,0,Josh Bilicki,0,-3095,7,0,0,0,0,0,0
30,54,1,Joe Nemechek,0,-3095,4,0,0,0,0,0,0
30,55,-1,Timmy Hill,0,-3095,4,0,0,0,0,0,0
30,56,0,Jeb Burton,0,-3095,2,0,0,0,0,0,0
30,57,0,Kyle Weatherman,0,-3095,2,0,0,0,0,0,0
30,58,0,DJ Kennington,0,-3095,1,0,0,0,0,0,0
30,59,0,Spencer Boyd,0,-3095,2,0,0,0,0,0,0
30,60,0,Gray Gaulding,0,-3095,1,0,0,0,0,0,0
30,61,0,Ryan Truex,0,-3095,0,0,0,0,0,0,0
31,1,1,Denny Hamlin,3114,0,31,2,4,16,20,4,31
31,2,-1,"Martin Truex, Jr.",3106,-8,31,0,6,13,19,6,42
31,3,0,Kyle Busch,3099,-15,31,0,4,14,23,11,46
31,4,0,Kevin Harvick,3094,-20,31,5,3,12,21,5,28
31,5,1,Brad Keselowski,3078,-36,31,3,3,12,17,4,24
31,6,3,Joey Logano,3076,-38,31,3,2,10,17,9,29
31,7,-2,Kyle Larson,3069,-45,31,1,1,7,15,5,11
31,8,-1,Alex Bowman,3058,-56,31,0,1,6,10,0,5
31,9,3,Ryan Blaney,3056,-58,31,1,1,9,15,2,9
31,10,1,Chase Elliott,3054,-60,31,4,3,10,14,5,24
31,11,-1,Clint Bowyer,3052,-62,31,1,0,7,15,1,1
31,12,-4,William Byron,3049,-65,31,5,0,3,11,2,2
31,13,0,Aric Almirola,2134,-980,31,1,0,2,11,1,1
31,14,0,Ryan Newman,2120,-994,31,0,0,3,12,0,0
31,15,0,Kurt Busch,2097,-1017,31,0,1,5,15,3,11
31,16,0,Erik Jones,2040,-1074,31,0,1,9,13,0,5
31,17,0,Jimmie Johnson,745,-2369,31,1,0,3,11,1,0
31,18,0,Daniel Suarez,744,-2370,31,1,0,3,10,0,0
31,19,0,Paul Menard,677,-2437,31,0,0,0,4,0,0
31,20,0,Chris Buescher,620,-2494,31,0,0,0,4,0,0
31,21,1,"Ricky Stenhouse, Jr.",598,-2516,31,0,0,1,3,0,0
31,22,1,Austin Dillon,596,-2518,31,3,0,0,5,2,0
31,23,-2,Matt DiBenedetto,592,-2522,31,0,0,3,7,0,0
31,24,0,Ty Dillon,536,-2578,31,0,0,1,3,2,0
31,25,0,Daniel Hemric,441,-2673,31,0,0,1,2,0,0
31,26,0,Bubba Wallace,433,-2681,31,0,0,1,1,0,0
31,27,1,Michael McDowell,428,-2686,31,0,0,2,2,0,0
31,28,-1,Ryan Preece,424,-2690,31,0,0,1,3,0,0
31,29,0,Corey LaJoie,364,-2750,31,0,0,0,2,0,0
31,30,1,Matt Tifft,340,-2774,31,0,0,0,1,0,0
31,31,-1,David Ragan,338,-2776,31,0,0,0,0,0,0
31,32,0,Reed Sorenson,108,-3006,21,0,0,0,0,0,0
31,33,0,Quin Houff,73,-3041,16,0,0,0,0,0,0
31,34,0,Jamie McMurray,19,-3095,1,0,0,0,0,0,0
31,35,0,Austin Theriault,17,-3097,5,0,0,0,0,0,0
31,36,0,Andy Seuss,9,-3105,1,0,0,0,0,0,0
31,37,0,Stanton Barrett,2,-3112,1,0,0,0,0,0,0
31,38,0,Casey Mears,1,-3113,1,0,0,0,0,0,0
31,39,0,Justin Haley,0,-3114,3,0,1,1,1,0,0
31,40,0,Brendan Gaughan,0,-3114,4,0,0,0,1,0,0
31,41,0,Tyler Reddick,0,-3114,2,0,0,0,1,0,0
31,42,0,Ross Chastain,0,-3114,30,0,0,0,1,0,0
31,43,0,Landon Cassill,0,-3114,31,0,0,0,0,0,0
31,44,0,JJ Yeley,0,-3114,10,0,0,0,0,0,0
31,45,0,Parker Kligerman,0,-3114,12,0,0,0,0,0,0
31,46,0,BJ McLeod,0,-3114,16,0,0,0,0,0,0
31,47,0,Jeffrey Earnhardt,0,-3114,1,0,0,0,0,0,0
31,48,0,Ryan Sieg,0,-3114,1,0,0,0,0,0,0
31,49,0,Bayley Currey,0,-3114,9,0,0,0,0,0,0
31,50,0,Joey Gase,0,-3114,9,0,0,0,0,0,0
31,51,0,Garrett Smithley,0,-3114,10,0,0,0,0,0,0
31,52,0,Cody Ware,0,-3114,13,0,0,0,0,0,0
31,53,0,Josh Bilicki,0,-3114,7,0,0,0,0,0,0
31,54,0,Joe Nemechek,0,-3114,4,0,0,0,0,0,0
31,55,0,Timmy Hill,0,-3114,4,0,0,0,0,0,0
31,56,0,Jeb Burton,0,-3114,2,0,0,0,0,0,0
31,57,0,Kyle Weatherman,0,-3114,2,0,0,0,0,0,0
31,58,6,Blake Jones,0,-3114,1,0,0,0,0,0,0
31,59,-1,DJ Kennington,0,-3114,1,0,0,0,0,0,0
31,60,-1,Spencer Boyd,0,-3114,3,0,0,0,0,0,0
31,61,-1,Gray Gaulding,0,-3114,1,0,0,0,0,0,0
31,62,-1,Ryan Truex,0,-3114,0,0,0,0,0,0,0
32,1,0,Denny Hamlin,3167,0,32,2,5,17,21,5,37
32,2,0,"Martin Truex, Jr.",3152,-15,32,0,6,13,20,6,42
32,3,0,Kyle Busch,3140,-27,32,0,4,15,24,11,46
32,4,0,Kevin Harvick,3127,-40,32,5,3,12,22,5,28
32,5,1,Joey Logano,3110,-57,32,3,2,10,17,10,30
32,6,4,Chase Elliott,3104,-63,32,4,3,11,15,5,24
32,7,-2,Brad Keselowski,3101,-66,32,3,3,12,17,4,24
32,8,-1,Kyle Larson,3092,-75,32,1,1,7,15,5,11
32,9,3,William Byron,3088,-79,32,5,0,4,12,2,2
32,10,-1,Ryan Blaney,3085,-82,32,1,1,9,15,2,9
32,11,-3,Alex Bowman,3084,-83,32,0,1,6,10,0,5
32,12,-1,Clint Bowyer,3083,-84,32,1,0,7,16,1,1
32,13,0,Aric Almirola,2148,-1019,32,1,0,2,11,1,1
32,14,1,Kurt Busch,2130,-1037,32,0,1,6,16,3,11
32,15,-1,Ryan Newman,2121,-1046,32,0,0,3,12,0,0
32,16,0,Erik Jones,2072,-1095,32,0,1,9,14,0,5
32,17,0,Jimmie Johnson,772,-2395,32,1,0,3,12,1,0
32,18,0,Daniel Suarez,757,-2410,32,1,0,3,10,0,0
32,19,0,Paul Menard,699,-2468,32,0,0,0,4,0,0
32,20,0,Chris Buescher,644,-2523,32,0,0,0,4,0,0
32,21,0,"Ricky Stenhouse, Jr.",620,-2547,32,0,0,1,3,0,0
32,22,1,Matt DiBenedetto,614,-2553,32,0,0,3,7,0,0
32,23,-1,Austin Dillon,613,-2554,32,3,0,0,5,2,0
32,24,0,Ty Dillon,551,-2616,32,0,0,1,3,2,0
32,25,3,Ryan Preece,449,-2718,32,0,0,1,3,0,0
32,26,-1,Daniel Hemric,447,-2720,32,1,0,1,2,0,0
32,27,0,Michael McDowell,441,-2726,32,0,0,2,2,0,0
32,28,-2,Bubba Wallace,435,-2732,32,0,0,1,1,0,0
32,29,0,Corey LaJoie,373,-2794,32,0,0,0,2,0,0
32,30,0,Matt Tifft,352,-2815,32,0,0,0,1,0,0
32,31,0,David Ragan,349,-2818,32,0,0,0,0,0,0
32,32,0,Reed Sorenson,112,-3055,22,0,0,0,0,0,0
32,33,0,Quin Houff,73,-3094,16,0,0,0,0,0,0
32,34,0,Jamie McMurray,19,-3148,1,0,0,0,0,0,0
32,35,0,Austin Theriault,17,-3150,5,0,0,0,0,0,0
32,36,0,Andy Seuss,9,-3158,1,0,0,0,0,0,0
32,37,0,Blake Jones,6,-3161,1,0,0,0,0,0,0
32,38,0,Stanton Barrett,2,-3165,1,0,0,0,0,0,0
32,39,0,Casey Mears,1,-3166,1,0,0,0,0,0,0
32,40,0,Justin Haley,0,-3167,3,0,1,1,1,0,0
32,41,0,Brendan Gaughan,0,-3167,4,0,0,0,1,0,0
32,42,0,Tyler Reddick,0,-3167,2,0,0,0,1,0,0
32,43,0,Ross Chastain,0,-3167,31,0,0,0,1,0,0
32,44,0,Landon Cassill,0,-3167,32,0,0,0,0,0,0
32,45,0,JJ Yeley,0,-3167,11,0,0,0,0,0,0
32,46,0,Parker Kligerman,0,-3167,13,0,0,0,0,0,0
32,47,0,BJ McLeod,0,-3167,16,0,0,0,0,0,0
32,48,0,Jeffrey Earnhardt,0,-3167,1,0,0,0,0,0,0
32,49,0,Ryan Sieg,0,-3167,1,0,0,0,0,0,0
32,50,0,Bayley Currey,0,-3167,9,0,0,0,0,0,0
32,51,0,Joey Gase,0,-3167,10,0,0,0,0,0,0
32,52,0,Garrett Smithley,0,-3167,11,0,0,0,0,0,0
32,53,0,Cody Ware,0,-3167,13,0,0,0,0,0,0
32,54,0,Josh Bilicki,0,-3167,8,0,0,0,0,0,0
32,55,0,Joe Nemechek,0,-3167,4,0,0,0,0,0,0
32,56,0,Timmy Hill,0,-3167,5,0,0,0,0,0,0
32,57,0,Jeb Burton,0,-3167,2,0,0,0,0,0,0
32,58,0,Kyle Weatherman,0,-3167,2,0,0,0,0,0,0
32,59,0,DJ Kennington,0,-3167,1,0,0,0,0,0,0
32,60,0,Spencer Boyd,0,-3167,3,0,0,0,0,0,0
32,61,0,Gray Gaulding,0,-3167,1,0,0,0,0,0,0
32,62,0,Ryan Truex,0,-3167,0,0,0,0,0,0,0
33,1,1,"Martin Truex, Jr.",4102,0,33,0,7,14,21,8,42
33,2,1,Denny Hamlin,4082,-20,33,3,5,18,22,5,37
33,3,-2,Kyle Busch,4075,-27,33,0,4,15,24,11,46
33,4,0,Joey Logano,4072,-30,33,3,2,10,18,10,30
33,5,0,Kevin Harvick,4058,-44,33,5,3,12,23,5,28
33,6,2,Ryan Blaney,4057,-45,33,1,1,10,16,2,9
33,7,0,Kyle Larson,4048,-54,33,1,1,7,16,5,11
33,8,-2,Chase Elliott,4028,-74,33,4,3,11,15,5,24
33,9,0,Brad Keselowski,2264,-1838,33,3,3,13,18,4,24
33,10,0,William Byron,2226,-1876,33,5,0,5,13,2,1
33,11,0,Clint Bowyer,2190,-1912,33,1,0,7,16,1,0
33,12,0,Alex Bowman,2172,-1930,33,0,1,6,10,0,5
33,13,1,Kurt Busch,2161,-1941,33,0,1,6,17,3,11
33,14,-1,Aric Almirola,2159,-1943,33,1,0,2,11,1,1
33,15,0,Ryan Newman,2148,-1954,33,0,0,3,13,0,0
33,16,0,Erik Jones,2091,-2011,33,0,1,9,14,0,5
33,17,0,Jimmie Johnson,773,-3329,33,1,0,3,12,1,0
33,18,0,Daniel Suarez,764,-3338,33,1,0,3,10,0,0
33,19,0,Paul Menard,715,-3387,33,0,0,0,4,0,0
33,20,0,Chris Buescher,669,-3433,33,0,0,0,4,0,0
33,21,0,"Ricky Stenhouse, Jr.",642,-3460,33,0,0,1,3,0,0
33,22,0,Matt DiBenedetto,635,-3467,33,0,0,3,7,0,0
33,23,0,Austin Dillon,628,-3474,33,3,0,0,5,2,0
33,24,0,Ty Dillon,564,-3538,33,0,0,1,3,2,0
33,25,0,Ryan Preece,467,-3635,33,0,0,1,3,0,0
33,26,0,Daniel Hemric,467,-3635,33,1,0,1,2,0,0
33,27,1,Bubba Wallace,459,-3643,33,0,0,1,1,0,0
33,28,-1,Michael McDowell,455,-3647,33,0,0,2,2,0,0
33,29,0,Corey LaJoie,392,-3710,33,0,0,0,2,0,0
33,30,1,David Ragan,375,-3727,33,0,0,0,0,0,0
33,31,-1,Matt Tifft,352,-3750,32,0,0,0,1,0,0
33,32,0,Reed Sorenson,116,-3986,23,0,0,0,0,0,0
33,33,0,Quin Houff,73,-4029,16,0,0,0,0,0,0
33,34,0,Jamie McMurray,19,-4083,1,0,0,0,0,0,0
33,35,0,Austin Theriault,17,-4085,5,0,0,0,0,0,0
33,36,0,Andy Seuss,9,-4093,1,0,0,0,0,0,0
33,37,0,Blake Jones,6,-4096,1,0,0,0,0,0,0
33,38,0,Stanton Barrett,2,-4100,1,0,0,0,0,0,0
33,39,0,Casey Mears,1,-4101,1,0,0,0,0,0,0
33,40,0,Justin Haley,0,-4102,3,0,1,1,1,0,0
33,41,0,Brendan Gaughan,0,-4102,4,0,0,0,1,0,0
33,42,0,Tyler Reddick,0,-4102,2,0,0,0,1,0,0
33,43,0,Ross Chastain,0,-4102,32,0,0,0,1,0,0
33,44,0,Landon Cassill,0,-4102,33,0,0,0,0,0,0
33,45,0,JJ Yeley,0,-4102,12,0,0,0,0,0,0
33,46,0,Parker Kligerman,0,-4102,13,0,0,0,0,0,0
33,47,0,BJ McLeod,0,-4102,17,0,0,0,0,0,0
33,48,0,Jeffrey Earnhardt,0,-4102,1,0,0,0,0,0,0
33,49,0,Ryan Sieg,0,-4102,1,0,0,0,0,0,0
33,50,0,Bayley Currey,0,-4102,9,0,0,0,0,0,0
33,51,0,Matt Crafton,0,-4102,1,0,0,0,0,0,0
33,52,-1,Joey Gase,0,-4102,11,0,0,0,0,0,0
33,53,-1,Garrett Smithley,0,-4102,12,0,0,0,0,0,0
33,54,-1,Cody Ware,0,-4102,13,0,0,0,0,0,0
33,55,-1,Josh Bilicki,0,-4102,8,0,0,0,0,0,0
33,56,-1,Joe Nemechek,0,-4102,4,0,0,0,0,0,0
33,57,-1,Timmy Hill,0,-4102,6,0,0,0,0,0,0
33,58,-1,Jeb Burton,0,-4102,2,0,0,0,0,0,0
33,59,-1,Kyle Weatherman,0,-4102,2,0,0,0,0,0,0
33,60,-1,DJ Kennington,0,-4102,1,0,0,0,0,0,0
33,61,-1,Spencer Boyd,0,-4102,3,0,0,0,0,0,0
33,62,-1,Gray Gaulding,0,-4102,1,0,0,0,0,0,0
33,63,-1,Ryan Truex,0,-4102,1,0,0,0,0,0,0